,Year_0,row_id,fund2
0,2022,2022_190,Donation button
1,2022,2022_346,Donation button
2,2022,2022_799,Donation button
3,2022,2022_996,Donation button
4,2022,2022_842,Crowdfunding (recurring)
5,2022,2022_720,Books & merchandise
6,2022,2022_965,Books & merchandise
7,2022,2022_360,Advertising & sponsorships
8,2022,2022_874,Advertising & sponsorships
9,2022,2022_958,Advertising & sponsorships
10,2022,2022_3,Industry support
11,2022,2022_6,Industry support
12,2022,2022_9,Industry support
13,2022,2022_24,Industry support
14,2022,2022_42,Industry support
15,2022,2022_47,Industry support
16,2022,2022_79,Industry support
17,2022,2022_93,Industry support
18,2022,2022_103,Industry support
19,2022,2022_109,Industry support
20,2022,2022_110,Industry support
21,2022,2022_151,Industry support
22,2022,2022_153,Industry support
23,2022,2022_171,Industry support
24,2022,2022_174,Industry support
25,2022,2022_182,Industry support
26,2022,2022_189,Industry support
27,2022,2022_203,Industry support
28,2022,2022_273,Industry support
29,2022,2022_277,Industry support
30,2022,2022_320,Industry support
31,2022,2022_339,Industry support
32,2022,2022_378,Industry support
33,2022,2022_394,Industry support
34,2022,2022_395,Industry support
35,2022,2022_403,Industry support
36,2022,2022_413,Industry support
37,2022,2022_445,Industry support
38,2022,2022_481,Industry support
39,2022,2022_502,Industry support
40,2022,2022_525,Industry support
41,2022,2022_526,Industry support
42,2022,2022_535,Industry support
43,2022,2022_541,Industry support
44,2022,2022_552,Industry support
45,2022,2022_563,Industry support
46,2022,2022_570,Industry support
47,2022,2022_578,Industry support
48,2022,2022_579,Industry support
49,2022,2022_631,Industry support
50,2022,2022_638,Industry support
51,2022,2022_670,Industry support
52,2022,2022_673,Industry support
53,2022,2022_681,Industry support
54,2022,2022_778,Industry support
55,2022,2022_779,Industry support
56,2022,2022_786,Industry support
57,2022,2022_787,Industry support
58,2022,2022_799,Industry support
59,2022,2022_800,Industry support
60,2022,2022_817,Industry support
61,2022,2022_823,Industry support
62,2022,2022_829,Industry support
63,2022,2022_849,Industry support
64,2022,2022_856,Industry support
65,2022,2022_874,Industry support
66,2022,2022_876,Industry support
67,2022,2022_878,Industry support
68,2022,2022_884,Industry support
69,2022,2022_906,Industry support
70,2022,2022_911,Industry support
71,2022,2022_934,Industry support
72,2022,2022_935,Industry support
73,2022,2022_946,Industry support
74,2022,2022_947,Industry support
75,2022,2022_985,Industry support
76,2022,2022_996,Industry support
77,2022,2022_998,Industry support
78,2022,2022_0,Consulting & services
79,2022,2022_6,Consulting & services
80,2022,2022_29,Consulting & services
81,2022,2022_30,Consulting & services
82,2022,2022_43,Consulting & services
83,2022,2022_60,Consulting & services
84,2022,2022_64,Consulting & services
85,2022,2022_81,Consulting & services
86,2022,2022_89,Consulting & services
87,2022,2022_93,Consulting & services
88,2022,2022_107,Consulting & services
89,2022,2022_151,Consulting & services
90,2022,2022_167,Consulting & services
91,2022,2022_214,Consulting & services
92,2022,2022_224,Consulting & services
93,2022,2022_268,Consulting & services
94,2022,2022_274,Consulting & services
95,2022,2022_295,Consulting & services
96,2022,2022_303,Consulting & services
97,2022,2022_316,Consulting & services
98,2022,2022_341,Consulting & services
99,2022,2022_347,Consulting & services
100,2022,2022_378,Consulting & services
101,2022,2022_394,Consulting & services
102,2022,2022_403,Consulting & services
103,2022,2022_414,Consulting & services
104,2022,2022_447,Consulting & services
105,2022,2022_453,Consulting & services
106,2022,2022_467,Consulting & services
107,2022,2022_481,Consulting & services
108,2022,2022_502,Consulting & services
109,2022,2022_505,Consulting & services
110,2022,2022_515,Consulting & services
111,2022,2022_535,Consulting & services
112,2022,2022_546,Consulting & services
113,2022,2022_559,Consulting & services
114,2022,2022_563,Consulting & services
115,2022,2022_593,Consulting & services
116,2022,2022_618,Consulting & services
117,2022,2022_651,Consulting & services
118,2022,2022_683,Consulting & services
119,2022,2022_701,Consulting & services
120,2022,2022_710,Consulting & services
121,2022,2022_740,Consulting & services
122,2022,2022_770,Consulting & services
123,2022,2022_785,Consulting & services
124,2022,2022_791,Consulting & services
125,2022,2022_799,Consulting & services
126,2022,2022_806,Consulting & services
127,2022,2022_814,Consulting & services
128,2022,2022_849,Consulting & services
129,2022,2022_859,Consulting & services
130,2022,2022_879,Consulting & services
131,2022,2022_895,Consulting & services
132,2022,2022_922,Consulting & services
133,2022,2022_934,Consulting & services
134,2022,2022_936,Consulting & services
135,2022,2022_938,Consulting & services
136,2022,2022_947,Consulting & services
137,2022,2022_969,Consulting & services
138,2022,2022_972,Consulting & services
139,2022,2022_0,Grants
140,2022,2022_1,Grants
141,2022,2022_13,Grants
142,2022,2022_15,Grants
143,2022,2022_16,Grants
144,2022,2022_17,Grants
145,2022,2022_18,Grants
146,2022,2022_22,Grants
147,2022,2022_23,Grants
148,2022,2022_25,Grants
149,2022,2022_26,Grants
150,2022,2022_28,Grants
151,2022,2022_29,Grants
152,2022,2022_30,Grants
153,2022,2022_38,Grants
154,2022,2022_40,Grants
155,2022,2022_41,Grants
156,2022,2022_42,Grants
157,2022,2022_43,Grants
158,2022,2022_44,Grants
159,2022,2022_46,Grants
160,2022,2022_48,Grants
161,2022,2022_49,Grants
162,2022,2022_52,Grants
163,2022,2022_54,Grants
164,2022,2022_55,Grants
165,2022,2022_56,Grants
166,2022,2022_57,Grants
167,2022,2022_60,Grants
168,2022,2022_61,Grants
169,2022,2022_63,Grants
170,2022,2022_65,Grants
171,2022,2022_66,Grants
172,2022,2022_70,Grants
173,2022,2022_72,Grants
174,2022,2022_73,Grants
175,2022,2022_76,Grants
176,2022,2022_77,Grants
177,2022,2022_79,Grants
178,2022,2022_81,Grants
179,2022,2022_87,Grants
180,2022,2022_88,Grants
181,2022,2022_91,Grants
182,2022,2022_92,Grants
183,2022,2022_94,Grants
184,2022,2022_95,Grants
185,2022,2022_100,Grants
186,2022,2022_101,Grants
187,2022,2022_103,Grants
188,2022,2022_104,Grants
189,2022,2022_107,Grants
190,2022,2022_108,Grants
191,2022,2022_109,Grants
192,2022,2022_112,Grants
193,2022,2022_113,Grants
194,2022,2022_114,Grants
195,2022,2022_117,Grants
196,2022,2022_118,Grants
197,2022,2022_121,Grants
198,2022,2022_122,Grants
199,2022,2022_123,Grants
200,2022,2022_132,Grants
201,2022,2022_134,Grants
202,2022,2022_151,Grants
203,2022,2022_154,Grants
204,2022,2022_157,Grants
205,2022,2022_160,Grants
206,2022,2022_162,Grants
207,2022,2022_167,Grants
208,2022,2022_168,Grants
209,2022,2022_169,Grants
210,2022,2022_171,Grants
211,2022,2022_174,Grants
212,2022,2022_177,Grants
213,2022,2022_178,Grants
214,2022,2022_179,Grants
215,2022,2022_180,Grants
216,2022,2022_182,Grants
217,2022,2022_183,Grants
218,2022,2022_186,Grants
219,2022,2022_192,Grants
220,2022,2022_193,Grants
221,2022,2022_196,Grants
222,2022,2022_200,Grants
223,2022,2022_203,Grants
224,2022,2022_204,Grants
225,2022,2022_209,Grants
226,2022,2022_210,Grants
227,2022,2022_218,Grants
228,2022,2022_220,Grants
229,2022,2022_222,Grants
230,2022,2022_223,Grants
231,2022,2022_224,Grants
232,2022,2022_228,Grants
233,2022,2022_229,Grants
234,2022,2022_231,Grants
235,2022,2022_234,Grants
236,2022,2022_240,Grants
237,2022,2022_242,Grants
238,2022,2022_243,Grants
239,2022,2022_245,Grants
240,2022,2022_247,Grants
241,2022,2022_248,Grants
242,2022,2022_252,Grants
243,2022,2022_253,Grants
244,2022,2022_255,Grants
245,2022,2022_258,Grants
246,2022,2022_263,Grants
247,2022,2022_265,Grants
248,2022,2022_268,Grants
249,2022,2022_269,Grants
250,2022,2022_273,Grants
251,2022,2022_274,Grants
252,2022,2022_275,Grants
253,2022,2022_277,Grants
254,2022,2022_279,Grants
255,2022,2022_280,Grants
256,2022,2022_284,Grants
257,2022,2022_289,Grants
258,2022,2022_291,Grants
259,2022,2022_293,Grants
260,2022,2022_299,Grants
261,2022,2022_308,Grants
262,2022,2022_313,Grants
263,2022,2022_320,Grants
264,2022,2022_321,Grants
265,2022,2022_325,Grants
266,2022,2022_328,Grants
267,2022,2022_329,Grants
268,2022,2022_330,Grants
269,2022,2022_334,Grants
270,2022,2022_337,Grants
271,2022,2022_338,Grants
272,2022,2022_340,Grants
273,2022,2022_342,Grants
274,2022,2022_346,Grants
275,2022,2022_347,Grants
276,2022,2022_352,Grants
277,2022,2022_353,Grants
278,2022,2022_359,Grants
279,2022,2022_360,Grants
280,2022,2022_361,Grants
281,2022,2022_371,Grants
282,2022,2022_374,Grants
283,2022,2022_375,Grants
284,2022,2022_376,Grants
285,2022,2022_380,Grants
286,2022,2022_382,Grants
287,2022,2022_385,Grants
288,2022,2022_389,Grants
289,2022,2022_390,Grants
290,2022,2022_395,Grants
291,2022,2022_396,Grants
292,2022,2022_397,Grants
293,2022,2022_401,Grants
294,2022,2022_403,Grants
295,2022,2022_405,Grants
296,2022,2022_406,Grants
297,2022,2022_408,Grants
298,2022,2022_413,Grants
299,2022,2022_414,Grants
300,2022,2022_415,Grants
301,2022,2022_416,Grants
302,2022,2022_418,Grants
303,2022,2022_422,Grants
304,2022,2022_429,Grants
305,2022,2022_436,Grants
306,2022,2022_439,Grants
307,2022,2022_440,Grants
308,2022,2022_443,Grants
309,2022,2022_444,Grants
310,2022,2022_445,Grants
311,2022,2022_447,Grants
312,2022,2022_450,Grants
313,2022,2022_452,Grants
314,2022,2022_453,Grants
315,2022,2022_458,Grants
316,2022,2022_459,Grants
317,2022,2022_464,Grants
318,2022,2022_469,Grants
319,2022,2022_470,Grants
320,2022,2022_475,Grants
321,2022,2022_476,Grants
322,2022,2022_478,Grants
323,2022,2022_479,Grants
324,2022,2022_480,Grants
325,2022,2022_481,Grants
326,2022,2022_482,Grants
327,2022,2022_483,Grants
328,2022,2022_484,Grants
329,2022,2022_492,Grants
330,2022,2022_494,Grants
331,2022,2022_497,Grants
332,2022,2022_499,Grants
333,2022,2022_505,Grants
334,2022,2022_510,Grants
335,2022,2022_514,Grants
336,2022,2022_516,Grants
337,2022,2022_519,Grants
338,2022,2022_521,Grants
339,2022,2022_524,Grants
340,2022,2022_526,Grants
341,2022,2022_530,Grants
342,2022,2022_531,Grants
343,2022,2022_534,Grants
344,2022,2022_535,Grants
345,2022,2022_538,Grants
346,2022,2022_541,Grants
347,2022,2022_542,Grants
348,2022,2022_543,Grants
349,2022,2022_544,Grants
350,2022,2022_546,Grants
351,2022,2022_555,Grants
352,2022,2022_557,Grants
353,2022,2022_559,Grants
354,2022,2022_561,Grants
355,2022,2022_562,Grants
356,2022,2022_563,Grants
357,2022,2022_566,Grants
358,2022,2022_569,Grants
359,2022,2022_570,Grants
360,2022,2022_571,Grants
361,2022,2022_573,Grants
362,2022,2022_576,Grants
363,2022,2022_577,Grants
364,2022,2022_578,Grants
365,2022,2022_581,Grants
366,2022,2022_585,Grants
367,2022,2022_588,Grants
368,2022,2022_593,Grants
369,2022,2022_594,Grants
370,2022,2022_597,Grants
371,2022,2022_599,Grants
372,2022,2022_600,Grants
373,2022,2022_602,Grants
374,2022,2022_603,Grants
375,2022,2022_609,Grants
376,2022,2022_610,Grants
377,2022,2022_615,Grants
378,2022,2022_616,Grants
379,2022,2022_618,Grants
380,2022,2022_622,Grants
381,2022,2022_624,Grants
382,2022,2022_625,Grants
383,2022,2022_629,Grants
384,2022,2022_630,Grants
385,2022,2022_632,Grants
386,2022,2022_636,Grants
387,2022,2022_637,Grants
388,2022,2022_643,Grants
389,2022,2022_645,Grants
390,2022,2022_648,Grants
391,2022,2022_651,Grants
392,2022,2022_652,Grants
393,2022,2022_657,Grants
394,2022,2022_658,Grants
395,2022,2022_659,Grants
396,2022,2022_670,Grants
397,2022,2022_677,Grants
398,2022,2022_678,Grants
399,2022,2022_679,Grants
400,2022,2022_680,Grants
401,2022,2022_681,Grants
402,2022,2022_682,Grants
403,2022,2022_683,Grants
404,2022,2022_684,Grants
405,2022,2022_685,Grants
406,2022,2022_690,Grants
407,2022,2022_692,Grants
408,2022,2022_695,Grants
409,2022,2022_696,Grants
410,2022,2022_698,Grants
411,2022,2022_702,Grants
412,2022,2022_703,Grants
413,2022,2022_704,Grants
414,2022,2022_705,Grants
415,2022,2022_708,Grants
416,2022,2022_709,Grants
417,2022,2022_710,Grants
418,2022,2022_713,Grants
419,2022,2022_714,Grants
420,2022,2022_718,Grants
421,2022,2022_722,Grants
422,2022,2022_726,Grants
423,2022,2022_727,Grants
424,2022,2022_729,Grants
425,2022,2022_730,Grants
426,2022,2022_732,Grants
427,2022,2022_733,Grants
428,2022,2022_734,Grants
429,2022,2022_736,Grants
430,2022,2022_738,Grants
431,2022,2022_739,Grants
432,2022,2022_740,Grants
433,2022,2022_742,Grants
434,2022,2022_743,Grants
435,2022,2022_745,Grants
436,2022,2022_749,Grants
437,2022,2022_750,Grants
438,2022,2022_752,Grants
439,2022,2022_755,Grants
440,2022,2022_760,Grants
441,2022,2022_763,Grants
442,2022,2022_768,Grants
443,2022,2022_769,Grants
444,2022,2022_770,Grants
445,2022,2022_771,Grants
446,2022,2022_779,Grants
447,2022,2022_784,Grants
448,2022,2022_786,Grants
449,2022,2022_788,Grants
450,2022,2022_790,Grants
451,2022,2022_793,Grants
452,2022,2022_795,Grants
453,2022,2022_799,Grants
454,2022,2022_800,Grants
455,2022,2022_802,Grants
456,2022,2022_805,Grants
457,2022,2022_806,Grants
458,2022,2022_808,Grants
459,2022,2022_809,Grants
460,2022,2022_813,Grants
461,2022,2022_814,Grants
462,2022,2022_815,Grants
463,2022,2022_816,Grants
464,2022,2022_817,Grants
465,2022,2022_818,Grants
466,2022,2022_820,Grants
467,2022,2022_822,Grants
468,2022,2022_824,Grants
469,2022,2022_825,Grants
470,2022,2022_829,Grants
471,2022,2022_831,Grants
472,2022,2022_832,Grants
473,2022,2022_836,Grants
474,2022,2022_838,Grants
475,2022,2022_840,Grants
476,2022,2022_841,Grants
477,2022,2022_846,Grants
478,2022,2022_848,Grants
479,2022,2022_849,Grants
480,2022,2022_854,Grants
481,2022,2022_863,Grants
482,2022,2022_878,Grants
483,2022,2022_881,Grants
484,2022,2022_884,Grants
485,2022,2022_885,Grants
486,2022,2022_887,Grants
487,2022,2022_888,Grants
488,2022,2022_891,Grants
489,2022,2022_892,Grants
490,2022,2022_893,Grants
491,2022,2022_895,Grants
492,2022,2022_898,Grants
493,2022,2022_903,Grants
494,2022,2022_904,Grants
495,2022,2022_906,Grants
496,2022,2022_910,Grants
497,2022,2022_911,Grants
498,2022,2022_912,Grants
499,2022,2022_917,Grants
500,2022,2022_920,Grants
501,2022,2022_921,Grants
502,2022,2022_924,Grants
503,2022,2022_925,Grants
504,2022,2022_927,Grants
505,2022,2022_928,Grants
506,2022,2022_929,Grants
507,2022,2022_930,Grants
508,2022,2022_931,Grants
509,2022,2022_933,Grants
510,2022,2022_936,Grants
511,2022,2022_937,Grants
512,2022,2022_939,Grants
513,2022,2022_941,Grants
514,2022,2022_943,Grants
515,2022,2022_944,Grants
516,2022,2022_945,Grants
517,2022,2022_947,Grants
518,2022,2022_949,Grants
519,2022,2022_954,Grants
520,2022,2022_956,Grants
521,2022,2022_957,Grants
522,2022,2022_959,Grants
523,2022,2022_960,Grants
524,2022,2022_963,Grants
525,2022,2022_966,Grants
526,2022,2022_967,Grants
527,2022,2022_968,Grants
528,2022,2022_969,Grants
529,2022,2022_972,Grants
530,2022,2022_973,Grants
531,2022,2022_975,Grants
532,2022,2022_976,Grants
533,2022,2022_980,Grants
534,2022,2022_985,Grants
535,2022,2022_990,Grants
536,2022,2022_993,Grants
537,2022,2022_994,Grants
538,2022,2022_996,Grants
539,2022,2022_997,Grants
540,2022,2022_998,Grants
541,2022,2022_999,Grants
542,2022,2022_1000,Grants
543,2022,2022_1002,Grants
544,2022,2022_352,SaaS
545,2022,2022_378,SaaS
546,2022,2022_856,SaaS
547,2022,2022_117,Membership
548,2022,2022_843,Membership
549,2022,2022_6,Dual license
550,2022,2022_515,Dual license
551,2022,2022_884,Dual license
552,2022,2022_936,Dual license
553,2022,2022_273,Open core
554,2022,2022_411,Open core
555,2022,2022_483,Open core
556,2022,2022_809,Open core
557,2022,2022_946,Open core
558,2022,2022_8,Foundations & consortiums
559,2022,2022_22,Foundations & consortiums
560,2022,2022_26,Foundations & consortiums
561,2022,2022_62,Foundations & consortiums
562,2022,2022_81,Foundations & consortiums
563,2022,2022_103,Foundations & consortiums
564,2022,2022_114,Foundations & consortiums
565,2022,2022_116,Foundations & consortiums
566,2022,2022_122,Foundations & consortiums
567,2022,2022_130,Foundations & consortiums
568,2022,2022_160,Foundations & consortiums
569,2022,2022_200,Foundations & consortiums
570,2022,2022_265,Foundations & consortiums
571,2022,2022_268,Foundations & consortiums
572,2022,2022_299,Foundations & consortiums
573,2022,2022_383,Foundations & consortiums
574,2022,2022_425,Foundations & consortiums
575,2022,2022_456,Foundations & consortiums
576,2022,2022_484,Foundations & consortiums
577,2022,2022_511,Foundations & consortiums
578,2022,2022_514,Foundations & consortiums
579,2022,2022_541,Foundations & consortiums
580,2022,2022_561,Foundations & consortiums
581,2022,2022_690,Foundations & consortiums
582,2022,2022_708,Foundations & consortiums
583,2022,2022_718,Foundations & consortiums
584,2022,2022_807,Foundations & consortiums
585,2022,2022_809,Foundations & consortiums
586,2022,2022_817,Foundations & consortiums
587,2022,2022_830,Foundations & consortiums
588,2022,2022_852,Foundations & consortiums
589,2022,2022_907,Foundations & consortiums
590,2022,2022_920,Foundations & consortiums
591,2022,2022_921,Foundations & consortiums
592,2022,2022_967,Foundations & consortiums
593,2022,2022_973,Foundations & consortiums
594,2022,2022_998,Foundations & consortiums
595,2022,2022_93,Venture capital
596,2022,2022_221,Venture capital
597,2022,2022_585,Venture capital
598,2022,2022_800,Venture capital
599,2022,2022_938,Venture capital
600,2022,2022_0,Institutional support
601,2022,2022_1,Institutional support
602,2022,2022_3,Institutional support
603,2022,2022_5,Institutional support
604,2022,2022_6,Institutional support
605,2022,2022_7,Institutional support
606,2022,2022_8,Institutional support
607,2022,2022_10,Institutional support
608,2022,2022_13,Institutional support
609,2022,2022_14,Institutional support
610,2022,2022_15,Institutional support
611,2022,2022_17,Institutional support
612,2022,2022_20,Institutional support
613,2022,2022_21,Institutional support
614,2022,2022_24,Institutional support
615,2022,2022_25,Institutional support
616,2022,2022_28,Institutional support
617,2022,2022_29,Institutional support
618,2022,2022_33,Institutional support
619,2022,2022_36,Institutional support
620,2022,2022_41,Institutional support
621,2022,2022_44,Institutional support
622,2022,2022_45,Institutional support
623,2022,2022_48,Institutional support
624,2022,2022_51,Institutional support
625,2022,2022_53,Institutional support
626,2022,2022_55,Institutional support
627,2022,2022_56,Institutional support
628,2022,2022_63,Institutional support
629,2022,2022_66,Institutional support
630,2022,2022_73,Institutional support
631,2022,2022_74,Institutional support
632,2022,2022_75,Institutional support
633,2022,2022_76,Institutional support
634,2022,2022_77,Institutional support
635,2022,2022_82,Institutional support
636,2022,2022_84,Institutional support
637,2022,2022_87,Institutional support
638,2022,2022_88,Institutional support
639,2022,2022_89,Institutional support
640,2022,2022_90,Institutional support
641,2022,2022_93,Institutional support
642,2022,2022_97,Institutional support
643,2022,2022_99,Institutional support
644,2022,2022_100,Institutional support
645,2022,2022_103,Institutional support
646,2022,2022_106,Institutional support
647,2022,2022_108,Institutional support
648,2022,2022_110,Institutional support
649,2022,2022_111,Institutional support
650,2022,2022_114,Institutional support
651,2022,2022_117,Institutional support
652,2022,2022_118,Institutional support
653,2022,2022_123,Institutional support
654,2022,2022_129,Institutional support
655,2022,2022_132,Institutional support
656,2022,2022_133,Institutional support
657,2022,2022_134,Institutional support
658,2022,2022_135,Institutional support
659,2022,2022_137,Institutional support
660,2022,2022_138,Institutional support
661,2022,2022_139,Institutional support
662,2022,2022_140,Institutional support
663,2022,2022_141,Institutional support
664,2022,2022_144,Institutional support
665,2022,2022_145,Institutional support
666,2022,2022_146,Institutional support
667,2022,2022_148,Institutional support
668,2022,2022_149,Institutional support
669,2022,2022_150,Institutional support
670,2022,2022_151,Institutional support
671,2022,2022_153,Institutional support
672,2022,2022_154,Institutional support
673,2022,2022_155,Institutional support
674,2022,2022_156,Institutional support
675,2022,2022_159,Institutional support
676,2022,2022_160,Institutional support
677,2022,2022_163,Institutional support
678,2022,2022_164,Institutional support
679,2022,2022_168,Institutional support
680,2022,2022_169,Institutional support
681,2022,2022_172,Institutional support
682,2022,2022_173,Institutional support
683,2022,2022_174,Institutional support
684,2022,2022_179,Institutional support
685,2022,2022_183,Institutional support
686,2022,2022_185,Institutional support
687,2022,2022_189,Institutional support
688,2022,2022_190,Institutional support
689,2022,2022_194,Institutional support
690,2022,2022_199,Institutional support
691,2022,2022_200,Institutional support
692,2022,2022_203,Institutional support
693,2022,2022_204,Institutional support
694,2022,2022_209,Institutional support
695,2022,2022_212,Institutional support
696,2022,2022_213,Institutional support
697,2022,2022_214,Institutional support
698,2022,2022_217,Institutional support
699,2022,2022_225,Institutional support
700,2022,2022_232,Institutional support
701,2022,2022_234,Institutional support
702,2022,2022_235,Institutional support
703,2022,2022_236,Institutional support
704,2022,2022_239,Institutional support
705,2022,2022_241,Institutional support
706,2022,2022_247,Institutional support
707,2022,2022_253,Institutional support
708,2022,2022_255,Institutional support
709,2022,2022_263,Institutional support
710,2022,2022_264,Institutional support
711,2022,2022_265,Institutional support
712,2022,2022_266,Institutional support
713,2022,2022_267,Institutional support
714,2022,2022_268,Institutional support
715,2022,2022_269,Institutional support
716,2022,2022_271,Institutional support
717,2022,2022_272,Institutional support
718,2022,2022_273,Institutional support
719,2022,2022_277,Institutional support
720,2022,2022_279,Institutional support
721,2022,2022_285,Institutional support
722,2022,2022_287,Institutional support
723,2022,2022_289,Institutional support
724,2022,2022_291,Institutional support
725,2022,2022_292,Institutional support
726,2022,2022_296,Institutional support
727,2022,2022_297,Institutional support
728,2022,2022_299,Institutional support
729,2022,2022_300,Institutional support
730,2022,2022_301,Institutional support
731,2022,2022_302,Institutional support
732,2022,2022_305,Institutional support
733,2022,2022_306,Institutional support
734,2022,2022_307,Institutional support
735,2022,2022_314,Institutional support
736,2022,2022_315,Institutional support
737,2022,2022_317,Institutional support
738,2022,2022_319,Institutional support
739,2022,2022_320,Institutional support
740,2022,2022_321,Institutional support
741,2022,2022_326,Institutional support
742,2022,2022_327,Institutional support
743,2022,2022_330,Institutional support
744,2022,2022_334,Institutional support
745,2022,2022_336,Institutional support
746,2022,2022_338,Institutional support
747,2022,2022_340,Institutional support
748,2022,2022_341,Institutional support
749,2022,2022_343,Institutional support
750,2022,2022_346,Institutional support
751,2022,2022_348,Institutional support
752,2022,2022_352,Institutional support
753,2022,2022_353,Institutional support
754,2022,2022_355,Institutional support
755,2022,2022_356,Institutional support
756,2022,2022_357,Institutional support
757,2022,2022_363,Institutional support
758,2022,2022_372,Institutional support
759,2022,2022_379,Institutional support
760,2022,2022_380,Institutional support
761,2022,2022_381,Institutional support
762,2022,2022_383,Institutional support
763,2022,2022_386,Institutional support
764,2022,2022_387,Institutional support
765,2022,2022_389,Institutional support
766,2022,2022_394,Institutional support
767,2022,2022_395,Institutional support
768,2022,2022_397,Institutional support
769,2022,2022_398,Institutional support
770,2022,2022_400,Institutional support
771,2022,2022_403,Institutional support
772,2022,2022_404,Institutional support
773,2022,2022_406,Institutional support
774,2022,2022_408,Institutional support
775,2022,2022_409,Institutional support
776,2022,2022_411,Institutional support
777,2022,2022_412,Institutional support
778,2022,2022_413,Institutional support
779,2022,2022_414,Institutional support
780,2022,2022_415,Institutional support
781,2022,2022_416,Institutional support
782,2022,2022_417,Institutional support
783,2022,2022_418,Institutional support
784,2022,2022_419,Institutional support
785,2022,2022_420,Institutional support
786,2022,2022_421,Institutional support
787,2022,2022_422,Institutional support
788,2022,2022_423,Institutional support
789,2022,2022_424,Institutional support
790,2022,2022_428,Institutional support
791,2022,2022_430,Institutional support
792,2022,2022_431,Institutional support
793,2022,2022_434,Institutional support
794,2022,2022_436,Institutional support
795,2022,2022_439,Institutional support
796,2022,2022_440,Institutional support
797,2022,2022_442,Institutional support
798,2022,2022_444,Institutional support
799,2022,2022_447,Institutional support
800,2022,2022_452,Institutional support
801,2022,2022_456,Institutional support
802,2022,2022_457,Institutional support
803,2022,2022_458,Institutional support
804,2022,2022_459,Institutional support
805,2022,2022_460,Institutional support
806,2022,2022_461,Institutional support
807,2022,2022_462,Institutional support
808,2022,2022_464,Institutional support
809,2022,2022_465,Institutional support
810,2022,2022_466,Institutional support
811,2022,2022_470,Institutional support
812,2022,2022_471,Institutional support
813,2022,2022_472,Institutional support
814,2022,2022_475,Institutional support
815,2022,2022_477,Institutional support
816,2022,2022_479,Institutional support
817,2022,2022_480,Institutional support
818,2022,2022_483,Institutional support
819,2022,2022_484,Institutional support
820,2022,2022_487,Institutional support
821,2022,2022_490,Institutional support
822,2022,2022_493,Institutional support
823,2022,2022_494,Institutional support
824,2022,2022_497,Institutional support
825,2022,2022_498,Institutional support
826,2022,2022_499,Institutional support
827,2022,2022_501,Institutional support
828,2022,2022_502,Institutional support
829,2022,2022_504,Institutional support
830,2022,2022_514,Institutional support
831,2022,2022_521,Institutional support
832,2022,2022_523,Institutional support
833,2022,2022_524,Institutional support
834,2022,2022_525,Institutional support
835,2022,2022_527,Institutional support
836,2022,2022_529,Institutional support
837,2022,2022_540,Institutional support
838,2022,2022_541,Institutional support
839,2022,2022_544,Institutional support
840,2022,2022_547,Institutional support
841,2022,2022_548,Institutional support
842,2022,2022_549,Institutional support
843,2022,2022_552,Institutional support
844,2022,2022_556,Institutional support
845,2022,2022_557,Institutional support
846,2022,2022_558,Institutional support
847,2022,2022_559,Institutional support
848,2022,2022_561,Institutional support
849,2022,2022_562,Institutional support
850,2022,2022_563,Institutional support
851,2022,2022_564,Institutional support
852,2022,2022_570,Institutional support
853,2022,2022_573,Institutional support
854,2022,2022_577,Institutional support
855,2022,2022_579,Institutional support
856,2022,2022_581,Institutional support
857,2022,2022_582,Institutional support
858,2022,2022_588,Institutional support
859,2022,2022_589,Institutional support
860,2022,2022_594,Institutional support
861,2022,2022_600,Institutional support
862,2022,2022_602,Institutional support
863,2022,2022_603,Institutional support
864,2022,2022_617,Institutional support
865,2022,2022_618,Institutional support
866,2022,2022_619,Institutional support
867,2022,2022_621,Institutional support
868,2022,2022_625,Institutional support
869,2022,2022_627,Institutional support
870,2022,2022_630,Institutional support
871,2022,2022_631,Institutional support
872,2022,2022_637,Institutional support
873,2022,2022_639,Institutional support
874,2022,2022_642,Institutional support
875,2022,2022_647,Institutional support
876,2022,2022_649,Institutional support
877,2022,2022_651,Institutional support
878,2022,2022_655,Institutional support
879,2022,2022_657,Institutional support
880,2022,2022_659,Institutional support
881,2022,2022_662,Institutional support
882,2022,2022_665,Institutional support
883,2022,2022_668,Institutional support
884,2022,2022_669,Institutional support
885,2022,2022_670,Institutional support
886,2022,2022_676,Institutional support
887,2022,2022_677,Institutional support
888,2022,2022_678,Institutional support
889,2022,2022_679,Institutional support
890,2022,2022_680,Institutional support
891,2022,2022_681,Institutional support
892,2022,2022_682,Institutional support
893,2022,2022_683,Institutional support
894,2022,2022_684,Institutional support
895,2022,2022_687,Institutional support
896,2022,2022_689,Institutional support
897,2022,2022_690,Institutional support
898,2022,2022_691,Institutional support
899,2022,2022_692,Institutional support
900,2022,2022_695,Institutional support
901,2022,2022_696,Institutional support
902,2022,2022_698,Institutional support
903,2022,2022_699,Institutional support
904,2022,2022_701,Institutional support
905,2022,2022_702,Institutional support
906,2022,2022_706,Institutional support
907,2022,2022_708,Institutional support
908,2022,2022_710,Institutional support
909,2022,2022_712,Institutional support
910,2022,2022_722,Institutional support
911,2022,2022_723,Institutional support
912,2022,2022_725,Institutional support
913,2022,2022_726,Institutional support
914,2022,2022_729,Institutional support
915,2022,2022_730,Institutional support
916,2022,2022_732,Institutional support
917,2022,2022_736,Institutional support
918,2022,2022_739,Institutional support
919,2022,2022_746,Institutional support
920,2022,2022_754,Institutional support
921,2022,2022_757,Institutional support
922,2022,2022_758,Institutional support
923,2022,2022_761,Institutional support
924,2022,2022_765,Institutional support
925,2022,2022_766,Institutional support
926,2022,2022_770,Institutional support
927,2022,2022_771,Institutional support
928,2022,2022_778,Institutional support
929,2022,2022_780,Institutional support
930,2022,2022_782,Institutional support
931,2022,2022_787,Institutional support
932,2022,2022_789,Institutional support
933,2022,2022_790,Institutional support
934,2022,2022_791,Institutional support
935,2022,2022_793,Institutional support
936,2022,2022_794,Institutional support
937,2022,2022_795,Institutional support
938,2022,2022_796,Institutional support
939,2022,2022_799,Institutional support
940,2022,2022_800,Institutional support
941,2022,2022_801,Institutional support
942,2022,2022_802,Institutional support
943,2022,2022_803,Institutional support
944,2022,2022_805,Institutional support
945,2022,2022_807,Institutional support
946,2022,2022_809,Institutional support
947,2022,2022_812,Institutional support
948,2022,2022_816,Institutional support
949,2022,2022_818,Institutional support
950,2022,2022_819,Institutional support
951,2022,2022_821,Institutional support
952,2022,2022_824,Institutional support
953,2022,2022_825,Institutional support
954,2022,2022_828,Institutional support
955,2022,2022_829,Institutional support
956,2022,2022_833,Institutional support
957,2022,2022_845,Institutional support
958,2022,2022_848,Institutional support
959,2022,2022_849,Institutional support
960,2022,2022_850,Institutional support
961,2022,2022_851,Institutional support
962,2022,2022_852,Institutional support
963,2022,2022_854,Institutional support
964,2022,2022_855,Institutional support
965,2022,2022_861,Institutional support
966,2022,2022_864,Institutional support
967,2022,2022_866,Institutional support
968,2022,2022_868,Institutional support
969,2022,2022_869,Institutional support
970,2022,2022_874,Institutional support
971,2022,2022_876,Institutional support
972,2022,2022_882,Institutional support
973,2022,2022_883,Institutional support
974,2022,2022_884,Institutional support
975,2022,2022_885,Institutional support
976,2022,2022_887,Institutional support
977,2022,2022_888,Institutional support
978,2022,2022_891,Institutional support
979,2022,2022_892,Institutional support
980,2022,2022_894,Institutional support
981,2022,2022_895,Institutional support
982,2022,2022_896,Institutional support
983,2022,2022_898,Institutional support
984,2022,2022_899,Institutional support
985,2022,2022_901,Institutional support
986,2022,2022_904,Institutional support
987,2022,2022_905,Institutional support
988,2022,2022_906,Institutional support
989,2022,2022_908,Institutional support
990,2022,2022_911,Institutional support
991,2022,2022_914,Institutional support
992,2022,2022_915,Institutional support
993,2022,2022_917,Institutional support
994,2022,2022_918,Institutional support
995,2022,2022_919,Institutional support
996,2022,2022_920,Institutional support
997,2022,2022_921,Institutional support
998,2022,2022_927,Institutional support
999,2022,2022_928,Institutional support
1000,2022,2022_930,Institutional support
1001,2022,2022_933,Institutional support
1002,2022,2022_938,Institutional support
1003,2022,2022_943,Institutional support
1004,2022,2022_944,Institutional support
1005,2022,2022_945,Institutional support
1006,2022,2022_949,Institutional support
1007,2022,2022_950,Institutional support
1008,2022,2022_953,Institutional support
1009,2022,2022_954,Institutional support
1010,2022,2022_957,Institutional support
1011,2022,2022_958,Institutional support
1012,2022,2022_959,Institutional support
1013,2022,2022_960,Institutional support
1014,2022,2022_963,Institutional support
1015,2022,2022_966,Institutional support
1016,2022,2022_967,Institutional support
1017,2022,2022_970,Institutional support
1018,2022,2022_971,Institutional support
1019,2022,2022_976,Institutional support
1020,2022,2022_981,Institutional support
1021,2022,2022_984,Institutional support
1022,2022,2022_990,Institutional support
1023,2022,2022_993,Institutional support
1024,2022,2022_996,Institutional support
1025,2022,2022_999,Institutional support
1026,2022,2022_1002,Institutional support
1027,2022,2022_47,Other
1028,2022,2022_54,Other
1029,2022,2022_86,Other
1030,2022,2022_125,Other
1031,2022,2022_137,Other
1032,2022,2022_158,Other
1033,2022,2022_193,Other
1034,2022,2022_224,Other
1035,2022,2022_258,Other
1036,2022,2022_276,Other
1037,2022,2022_292,Other
1038,2022,2022_297,Other
1039,2022,2022_317,Other
1040,2022,2022_321,Other
1041,2022,2022_331,Other
1042,2022,2022_348,Other
1043,2022,2022_362,Other
1044,2022,2022_363,Other
1045,2022,2022_393,Other
1046,2022,2022_404,Other
1047,2022,2022_433,Other
1048,2022,2022_468,Other
1049,2022,2022_486,Other
1050,2022,2022_495,Other
1051,2022,2022_502,Other
1052,2022,2022_544,Other
1053,2022,2022_552,Other
1054,2022,2022_568,Other
1055,2022,2022_672,Other
1056,2022,2022_759,Other
1057,2022,2022_804,Other
1058,2022,2022_849,Other
1059,2022,2022_896,Other
1060,2022,2022_900,Other
1061,2022,2022_912,Other
