,Year_0,row_id,proj4can
0,2022,2022_5,No formal testing
1,2022,2022_8,No formal testing
2,2022,2022_22,No formal testing
3,2022,2022_27,No formal testing
4,2022,2022_29,No formal testing
5,2022,2022_36,No formal testing
6,2022,2022_44,No formal testing
7,2022,2022_69,No formal testing
8,2022,2022_79,No formal testing
9,2022,2022_81,No formal testing
10,2022,2022_82,No formal testing
11,2022,2022_97,No formal testing
12,2022,2022_101,No formal testing
13,2022,2022_106,No formal testing
14,2022,2022_113,No formal testing
15,2022,2022_129,No formal testing
16,2022,2022_133,No formal testing
17,2022,2022_164,No formal testing
18,2022,2022_192,No formal testing
19,2022,2022_193,No formal testing
20,2022,2022_210,No formal testing
21,2022,2022_211,No formal testing
22,2022,2022_218,No formal testing
23,2022,2022_232,No formal testing
24,2022,2022_246,No formal testing
25,2022,2022_264,No formal testing
26,2022,2022_269,No formal testing
27,2022,2022_275,No formal testing
28,2022,2022_286,No formal testing
29,2022,2022_290,No formal testing
30,2022,2022_296,No formal testing
31,2022,2022_312,No formal testing
32,2022,2022_336,No formal testing
33,2022,2022_356,No formal testing
34,2022,2022_361,No formal testing
35,2022,2022_373,No formal testing
36,2022,2022_389,No formal testing
37,2022,2022_391,No formal testing
38,2022,2022_393,No formal testing
39,2022,2022_395,No formal testing
40,2022,2022_396,No formal testing
41,2022,2022_408,No formal testing
42,2022,2022_411,No formal testing
43,2022,2022_437,No formal testing
44,2022,2022_461,No formal testing
45,2022,2022_464,No formal testing
46,2022,2022_468,No formal testing
47,2022,2022_470,No formal testing
48,2022,2022_480,No formal testing
49,2022,2022_487,No formal testing
50,2022,2022_497,No formal testing
51,2022,2022_503,No formal testing
52,2022,2022_527,No formal testing
53,2022,2022_542,No formal testing
54,2022,2022_555,No formal testing
55,2022,2022_557,No formal testing
56,2022,2022_582,No formal testing
57,2022,2022_590,No formal testing
58,2022,2022_596,No formal testing
59,2022,2022_598,No formal testing
60,2022,2022_628,No formal testing
61,2022,2022_629,No formal testing
62,2022,2022_634,No formal testing
63,2022,2022_639,No formal testing
64,2022,2022_660,No formal testing
65,2022,2022_671,No formal testing
66,2022,2022_673,No formal testing
67,2022,2022_683,No formal testing
68,2022,2022_690,No formal testing
69,2022,2022_693,No formal testing
70,2022,2022_706,No formal testing
71,2022,2022_708,No formal testing
72,2022,2022_714,No formal testing
73,2022,2022_726,No formal testing
74,2022,2022_749,No formal testing
75,2022,2022_751,No formal testing
76,2022,2022_755,No formal testing
77,2022,2022_758,No formal testing
78,2022,2022_764,No formal testing
79,2022,2022_766,No formal testing
80,2022,2022_771,No formal testing
81,2022,2022_773,No formal testing
82,2022,2022_779,No formal testing
83,2022,2022_781,No formal testing
84,2022,2022_783,No formal testing
85,2022,2022_784,No formal testing
86,2022,2022_816,No formal testing
87,2022,2022_834,No formal testing
88,2022,2022_836,No formal testing
89,2022,2022_840,No formal testing
90,2022,2022_843,No formal testing
91,2022,2022_847,No formal testing
92,2022,2022_850,No formal testing
93,2022,2022_856,No formal testing
94,2022,2022_857,No formal testing
95,2022,2022_872,No formal testing
96,2022,2022_876,No formal testing
97,2022,2022_885,No formal testing
98,2022,2022_898,No formal testing
99,2022,2022_912,No formal testing
100,2022,2022_915,No formal testing
101,2022,2022_919,No formal testing
102,2022,2022_928,No formal testing
103,2022,2022_930,No formal testing
104,2022,2022_944,No formal testing
105,2022,2022_963,No formal testing
106,2022,2022_968,No formal testing
107,2022,2022_969,No formal testing
108,2022,2022_976,No formal testing
109,2022,2022_981,No formal testing
110,2022,2022_992,No formal testing
111,2022,2022_998,No formal testing
112,2022,2022_2,No formal testing but users provide feedback
113,2022,2022_3,No formal testing but users provide feedback
114,2022,2022_6,No formal testing but users provide feedback
115,2022,2022_15,No formal testing but users provide feedback
116,2022,2022_22,No formal testing but users provide feedback
117,2022,2022_26,No formal testing but users provide feedback
118,2022,2022_27,No formal testing but users provide feedback
119,2022,2022_29,No formal testing but users provide feedback
120,2022,2022_30,No formal testing but users provide feedback
121,2022,2022_43,No formal testing but users provide feedback
122,2022,2022_44,No formal testing but users provide feedback
123,2022,2022_53,No formal testing but users provide feedback
124,2022,2022_57,No formal testing but users provide feedback
125,2022,2022_65,No formal testing but users provide feedback
126,2022,2022_66,No formal testing but users provide feedback
127,2022,2022_67,No formal testing but users provide feedback
128,2022,2022_76,No formal testing but users provide feedback
129,2022,2022_79,No formal testing but users provide feedback
130,2022,2022_80,No formal testing but users provide feedback
131,2022,2022_91,No formal testing but users provide feedback
132,2022,2022_97,No formal testing but users provide feedback
133,2022,2022_116,No formal testing but users provide feedback
134,2022,2022_122,No formal testing but users provide feedback
135,2022,2022_129,No formal testing but users provide feedback
136,2022,2022_135,No formal testing but users provide feedback
137,2022,2022_136,No formal testing but users provide feedback
138,2022,2022_141,No formal testing but users provide feedback
139,2022,2022_143,No formal testing but users provide feedback
140,2022,2022_146,No formal testing but users provide feedback
141,2022,2022_156,No formal testing but users provide feedback
142,2022,2022_160,No formal testing but users provide feedback
143,2022,2022_162,No formal testing but users provide feedback
144,2022,2022_167,No formal testing but users provide feedback
145,2022,2022_170,No formal testing but users provide feedback
146,2022,2022_176,No formal testing but users provide feedback
147,2022,2022_180,No formal testing but users provide feedback
148,2022,2022_186,No formal testing but users provide feedback
149,2022,2022_191,No formal testing but users provide feedback
150,2022,2022_193,No formal testing but users provide feedback
151,2022,2022_206,No formal testing but users provide feedback
152,2022,2022_214,No formal testing but users provide feedback
153,2022,2022_217,No formal testing but users provide feedback
154,2022,2022_218,No formal testing but users provide feedback
155,2022,2022_220,No formal testing but users provide feedback
156,2022,2022_221,No formal testing but users provide feedback
157,2022,2022_223,No formal testing but users provide feedback
158,2022,2022_227,No formal testing but users provide feedback
159,2022,2022_228,No formal testing but users provide feedback
160,2022,2022_229,No formal testing but users provide feedback
161,2022,2022_247,No formal testing but users provide feedback
162,2022,2022_248,No formal testing but users provide feedback
163,2022,2022_254,No formal testing but users provide feedback
164,2022,2022_263,No formal testing but users provide feedback
165,2022,2022_266,No formal testing but users provide feedback
166,2022,2022_267,No formal testing but users provide feedback
167,2022,2022_268,No formal testing but users provide feedback
168,2022,2022_272,No formal testing but users provide feedback
169,2022,2022_275,No formal testing but users provide feedback
170,2022,2022_279,No formal testing but users provide feedback
171,2022,2022_285,No formal testing but users provide feedback
172,2022,2022_286,No formal testing but users provide feedback
173,2022,2022_290,No formal testing but users provide feedback
174,2022,2022_294,No formal testing but users provide feedback
175,2022,2022_295,No formal testing but users provide feedback
176,2022,2022_296,No formal testing but users provide feedback
177,2022,2022_299,No formal testing but users provide feedback
178,2022,2022_305,No formal testing but users provide feedback
179,2022,2022_306,No formal testing but users provide feedback
180,2022,2022_313,No formal testing but users provide feedback
181,2022,2022_314,No formal testing but users provide feedback
182,2022,2022_319,No formal testing but users provide feedback
183,2022,2022_326,No formal testing but users provide feedback
184,2022,2022_330,No formal testing but users provide feedback
185,2022,2022_336,No formal testing but users provide feedback
186,2022,2022_348,No formal testing but users provide feedback
187,2022,2022_352,No formal testing but users provide feedback
188,2022,2022_355,No formal testing but users provide feedback
189,2022,2022_356,No formal testing but users provide feedback
190,2022,2022_358,No formal testing but users provide feedback
191,2022,2022_361,No formal testing but users provide feedback
192,2022,2022_363,No formal testing but users provide feedback
193,2022,2022_369,No formal testing but users provide feedback
194,2022,2022_372,No formal testing but users provide feedback
195,2022,2022_376,No formal testing but users provide feedback
196,2022,2022_380,No formal testing but users provide feedback
197,2022,2022_381,No formal testing but users provide feedback
198,2022,2022_392,No formal testing but users provide feedback
199,2022,2022_394,No formal testing but users provide feedback
200,2022,2022_395,No formal testing but users provide feedback
201,2022,2022_396,No formal testing but users provide feedback
202,2022,2022_405,No formal testing but users provide feedback
203,2022,2022_406,No formal testing but users provide feedback
204,2022,2022_408,No formal testing but users provide feedback
205,2022,2022_409,No formal testing but users provide feedback
206,2022,2022_410,No formal testing but users provide feedback
207,2022,2022_411,No formal testing but users provide feedback
208,2022,2022_414,No formal testing but users provide feedback
209,2022,2022_418,No formal testing but users provide feedback
210,2022,2022_434,No formal testing but users provide feedback
211,2022,2022_444,No formal testing but users provide feedback
212,2022,2022_448,No formal testing but users provide feedback
213,2022,2022_454,No formal testing but users provide feedback
214,2022,2022_456,No formal testing but users provide feedback
215,2022,2022_457,No formal testing but users provide feedback
216,2022,2022_461,No formal testing but users provide feedback
217,2022,2022_468,No formal testing but users provide feedback
218,2022,2022_470,No formal testing but users provide feedback
219,2022,2022_473,No formal testing but users provide feedback
220,2022,2022_477,No formal testing but users provide feedback
221,2022,2022_480,No formal testing but users provide feedback
222,2022,2022_484,No formal testing but users provide feedback
223,2022,2022_487,No formal testing but users provide feedback
224,2022,2022_499,No formal testing but users provide feedback
225,2022,2022_511,No formal testing but users provide feedback
226,2022,2022_515,No formal testing but users provide feedback
227,2022,2022_520,No formal testing but users provide feedback
228,2022,2022_523,No formal testing but users provide feedback
229,2022,2022_527,No formal testing but users provide feedback
230,2022,2022_530,No formal testing but users provide feedback
231,2022,2022_531,No formal testing but users provide feedback
232,2022,2022_533,No formal testing but users provide feedback
233,2022,2022_546,No formal testing but users provide feedback
234,2022,2022_547,No formal testing but users provide feedback
235,2022,2022_552,No formal testing but users provide feedback
236,2022,2022_556,No formal testing but users provide feedback
237,2022,2022_557,No formal testing but users provide feedback
238,2022,2022_560,No formal testing but users provide feedback
239,2022,2022_561,No formal testing but users provide feedback
240,2022,2022_562,No formal testing but users provide feedback
241,2022,2022_564,No formal testing but users provide feedback
242,2022,2022_574,No formal testing but users provide feedback
243,2022,2022_577,No formal testing but users provide feedback
244,2022,2022_581,No formal testing but users provide feedback
245,2022,2022_582,No formal testing but users provide feedback
246,2022,2022_586,No formal testing but users provide feedback
247,2022,2022_593,No formal testing but users provide feedback
248,2022,2022_594,No formal testing but users provide feedback
249,2022,2022_598,No formal testing but users provide feedback
250,2022,2022_603,No formal testing but users provide feedback
251,2022,2022_609,No formal testing but users provide feedback
252,2022,2022_632,No formal testing but users provide feedback
253,2022,2022_635,No formal testing but users provide feedback
254,2022,2022_639,No formal testing but users provide feedback
255,2022,2022_640,No formal testing but users provide feedback
256,2022,2022_649,No formal testing but users provide feedback
257,2022,2022_653,No formal testing but users provide feedback
258,2022,2022_662,No formal testing but users provide feedback
259,2022,2022_665,No formal testing but users provide feedback
260,2022,2022_670,No formal testing but users provide feedback
261,2022,2022_673,No formal testing but users provide feedback
262,2022,2022_676,No formal testing but users provide feedback
263,2022,2022_677,No formal testing but users provide feedback
264,2022,2022_679,No formal testing but users provide feedback
265,2022,2022_681,No formal testing but users provide feedback
266,2022,2022_687,No formal testing but users provide feedback
267,2022,2022_690,No formal testing but users provide feedback
268,2022,2022_693,No formal testing but users provide feedback
269,2022,2022_697,No formal testing but users provide feedback
270,2022,2022_698,No formal testing but users provide feedback
271,2022,2022_701,No formal testing but users provide feedback
272,2022,2022_703,No formal testing but users provide feedback
273,2022,2022_704,No formal testing but users provide feedback
274,2022,2022_708,No formal testing but users provide feedback
275,2022,2022_710,No formal testing but users provide feedback
276,2022,2022_713,No formal testing but users provide feedback
277,2022,2022_714,No formal testing but users provide feedback
278,2022,2022_718,No formal testing but users provide feedback
279,2022,2022_719,No formal testing but users provide feedback
280,2022,2022_720,No formal testing but users provide feedback
281,2022,2022_726,No formal testing but users provide feedback
282,2022,2022_735,No formal testing but users provide feedback
283,2022,2022_740,No formal testing but users provide feedback
284,2022,2022_743,No formal testing but users provide feedback
285,2022,2022_745,No formal testing but users provide feedback
286,2022,2022_747,No formal testing but users provide feedback
287,2022,2022_758,No formal testing but users provide feedback
288,2022,2022_760,No formal testing but users provide feedback
289,2022,2022_761,No formal testing but users provide feedback
290,2022,2022_764,No formal testing but users provide feedback
291,2022,2022_765,No formal testing but users provide feedback
292,2022,2022_767,No formal testing but users provide feedback
293,2022,2022_776,No formal testing but users provide feedback
294,2022,2022_777,No formal testing but users provide feedback
295,2022,2022_781,No formal testing but users provide feedback
296,2022,2022_783,No formal testing but users provide feedback
297,2022,2022_784,No formal testing but users provide feedback
298,2022,2022_790,No formal testing but users provide feedback
299,2022,2022_805,No formal testing but users provide feedback
300,2022,2022_807,No formal testing but users provide feedback
301,2022,2022_810,No formal testing but users provide feedback
302,2022,2022_812,No formal testing but users provide feedback
303,2022,2022_814,No formal testing but users provide feedback
304,2022,2022_816,No formal testing but users provide feedback
305,2022,2022_819,No formal testing but users provide feedback
306,2022,2022_828,No formal testing but users provide feedback
307,2022,2022_833,No formal testing but users provide feedback
308,2022,2022_834,No formal testing but users provide feedback
309,2022,2022_836,No formal testing but users provide feedback
310,2022,2022_843,No formal testing but users provide feedback
311,2022,2022_846,No formal testing but users provide feedback
312,2022,2022_848,No formal testing but users provide feedback
313,2022,2022_855,No formal testing but users provide feedback
314,2022,2022_856,No formal testing but users provide feedback
315,2022,2022_858,No formal testing but users provide feedback
316,2022,2022_859,No formal testing but users provide feedback
317,2022,2022_868,No formal testing but users provide feedback
318,2022,2022_872,No formal testing but users provide feedback
319,2022,2022_873,No formal testing but users provide feedback
320,2022,2022_880,No formal testing but users provide feedback
321,2022,2022_881,No formal testing but users provide feedback
322,2022,2022_883,No formal testing but users provide feedback
323,2022,2022_884,No formal testing but users provide feedback
324,2022,2022_885,No formal testing but users provide feedback
325,2022,2022_898,No formal testing but users provide feedback
326,2022,2022_904,No formal testing but users provide feedback
327,2022,2022_905,No formal testing but users provide feedback
328,2022,2022_910,No formal testing but users provide feedback
329,2022,2022_912,No formal testing but users provide feedback
330,2022,2022_915,No formal testing but users provide feedback
331,2022,2022_917,No formal testing but users provide feedback
332,2022,2022_918,No formal testing but users provide feedback
333,2022,2022_919,No formal testing but users provide feedback
334,2022,2022_922,No formal testing but users provide feedback
335,2022,2022_927,No formal testing but users provide feedback
336,2022,2022_930,No formal testing but users provide feedback
337,2022,2022_933,No formal testing but users provide feedback
338,2022,2022_939,No formal testing but users provide feedback
339,2022,2022_940,No formal testing but users provide feedback
340,2022,2022_947,No formal testing but users provide feedback
341,2022,2022_955,No formal testing but users provide feedback
342,2022,2022_960,No formal testing but users provide feedback
343,2022,2022_963,No formal testing but users provide feedback
344,2022,2022_968,No formal testing but users provide feedback
345,2022,2022_980,No formal testing but users provide feedback
346,2022,2022_988,No formal testing but users provide feedback
347,2022,2022_996,No formal testing but users provide feedback
348,2022,2022_998,No formal testing but users provide feedback
349,2022,2022_1002,No formal testing but users provide feedback
350,2022,2022_0,The developers do their own testing
351,2022,2022_1,The developers do their own testing
352,2022,2022_2,The developers do their own testing
353,2022,2022_3,The developers do their own testing
354,2022,2022_6,The developers do their own testing
355,2022,2022_7,The developers do their own testing
356,2022,2022_9,The developers do their own testing
357,2022,2022_10,The developers do their own testing
358,2022,2022_14,The developers do their own testing
359,2022,2022_15,The developers do their own testing
360,2022,2022_17,The developers do their own testing
361,2022,2022_18,The developers do their own testing
362,2022,2022_21,The developers do their own testing
363,2022,2022_22,The developers do their own testing
364,2022,2022_23,The developers do their own testing
365,2022,2022_25,The developers do their own testing
366,2022,2022_26,The developers do their own testing
367,2022,2022_27,The developers do their own testing
368,2022,2022_28,The developers do their own testing
369,2022,2022_29,The developers do their own testing
370,2022,2022_30,The developers do their own testing
371,2022,2022_32,The developers do their own testing
372,2022,2022_35,The developers do their own testing
373,2022,2022_38,The developers do their own testing
374,2022,2022_41,The developers do their own testing
375,2022,2022_42,The developers do their own testing
376,2022,2022_43,The developers do their own testing
377,2022,2022_44,The developers do their own testing
378,2022,2022_46,The developers do their own testing
379,2022,2022_47,The developers do their own testing
380,2022,2022_48,The developers do their own testing
381,2022,2022_49,The developers do their own testing
382,2022,2022_53,The developers do their own testing
383,2022,2022_55,The developers do their own testing
384,2022,2022_57,The developers do their own testing
385,2022,2022_61,The developers do their own testing
386,2022,2022_63,The developers do their own testing
387,2022,2022_66,The developers do their own testing
388,2022,2022_67,The developers do their own testing
389,2022,2022_72,The developers do their own testing
390,2022,2022_73,The developers do their own testing
391,2022,2022_75,The developers do their own testing
392,2022,2022_76,The developers do their own testing
393,2022,2022_79,The developers do their own testing
394,2022,2022_81,The developers do their own testing
395,2022,2022_82,The developers do their own testing
396,2022,2022_84,The developers do their own testing
397,2022,2022_87,The developers do their own testing
398,2022,2022_88,The developers do their own testing
399,2022,2022_89,The developers do their own testing
400,2022,2022_90,The developers do their own testing
401,2022,2022_91,The developers do their own testing
402,2022,2022_92,The developers do their own testing
403,2022,2022_94,The developers do their own testing
404,2022,2022_96,The developers do their own testing
405,2022,2022_97,The developers do their own testing
406,2022,2022_100,The developers do their own testing
407,2022,2022_103,The developers do their own testing
408,2022,2022_104,The developers do their own testing
409,2022,2022_106,The developers do their own testing
410,2022,2022_107,The developers do their own testing
411,2022,2022_108,The developers do their own testing
412,2022,2022_109,The developers do their own testing
413,2022,2022_111,The developers do their own testing
414,2022,2022_112,The developers do their own testing
415,2022,2022_113,The developers do their own testing
416,2022,2022_114,The developers do their own testing
417,2022,2022_116,The developers do their own testing
418,2022,2022_121,The developers do their own testing
419,2022,2022_122,The developers do their own testing
420,2022,2022_123,The developers do their own testing
421,2022,2022_125,The developers do their own testing
422,2022,2022_128,The developers do their own testing
423,2022,2022_130,The developers do their own testing
424,2022,2022_132,The developers do their own testing
425,2022,2022_133,The developers do their own testing
426,2022,2022_134,The developers do their own testing
427,2022,2022_136,The developers do their own testing
428,2022,2022_137,The developers do their own testing
429,2022,2022_138,The developers do their own testing
430,2022,2022_139,The developers do their own testing
431,2022,2022_141,The developers do their own testing
432,2022,2022_142,The developers do their own testing
433,2022,2022_144,The developers do their own testing
434,2022,2022_145,The developers do their own testing
435,2022,2022_146,The developers do their own testing
436,2022,2022_149,The developers do their own testing
437,2022,2022_153,The developers do their own testing
438,2022,2022_154,The developers do their own testing
439,2022,2022_155,The developers do their own testing
440,2022,2022_156,The developers do their own testing
441,2022,2022_158,The developers do their own testing
442,2022,2022_160,The developers do their own testing
443,2022,2022_162,The developers do their own testing
444,2022,2022_163,The developers do their own testing
445,2022,2022_167,The developers do their own testing
446,2022,2022_169,The developers do their own testing
447,2022,2022_170,The developers do their own testing
448,2022,2022_172,The developers do their own testing
449,2022,2022_173,The developers do their own testing
450,2022,2022_175,The developers do their own testing
451,2022,2022_176,The developers do their own testing
452,2022,2022_177,The developers do their own testing
453,2022,2022_178,The developers do their own testing
454,2022,2022_179,The developers do their own testing
455,2022,2022_180,The developers do their own testing
456,2022,2022_182,The developers do their own testing
457,2022,2022_184,The developers do their own testing
458,2022,2022_186,The developers do their own testing
459,2022,2022_189,The developers do their own testing
460,2022,2022_191,The developers do their own testing
461,2022,2022_193,The developers do their own testing
462,2022,2022_196,The developers do their own testing
463,2022,2022_200,The developers do their own testing
464,2022,2022_202,The developers do their own testing
465,2022,2022_203,The developers do their own testing
466,2022,2022_204,The developers do their own testing
467,2022,2022_208,The developers do their own testing
468,2022,2022_209,The developers do their own testing
469,2022,2022_210,The developers do their own testing
470,2022,2022_212,The developers do their own testing
471,2022,2022_213,The developers do their own testing
472,2022,2022_214,The developers do their own testing
473,2022,2022_217,The developers do their own testing
474,2022,2022_218,The developers do their own testing
475,2022,2022_220,The developers do their own testing
476,2022,2022_221,The developers do their own testing
477,2022,2022_224,The developers do their own testing
478,2022,2022_226,The developers do their own testing
479,2022,2022_227,The developers do their own testing
480,2022,2022_229,The developers do their own testing
481,2022,2022_231,The developers do their own testing
482,2022,2022_232,The developers do their own testing
483,2022,2022_234,The developers do their own testing
484,2022,2022_236,The developers do their own testing
485,2022,2022_241,The developers do their own testing
486,2022,2022_242,The developers do their own testing
487,2022,2022_243,The developers do their own testing
488,2022,2022_246,The developers do their own testing
489,2022,2022_247,The developers do their own testing
490,2022,2022_248,The developers do their own testing
491,2022,2022_250,The developers do their own testing
492,2022,2022_252,The developers do their own testing
493,2022,2022_253,The developers do their own testing
494,2022,2022_258,The developers do their own testing
495,2022,2022_260,The developers do their own testing
496,2022,2022_261,The developers do their own testing
497,2022,2022_263,The developers do their own testing
498,2022,2022_264,The developers do their own testing
499,2022,2022_265,The developers do their own testing
500,2022,2022_266,The developers do their own testing
501,2022,2022_267,The developers do their own testing
502,2022,2022_268,The developers do their own testing
503,2022,2022_272,The developers do their own testing
504,2022,2022_273,The developers do their own testing
505,2022,2022_274,The developers do their own testing
506,2022,2022_275,The developers do their own testing
507,2022,2022_277,The developers do their own testing
508,2022,2022_279,The developers do their own testing
509,2022,2022_280,The developers do their own testing
510,2022,2022_281,The developers do their own testing
511,2022,2022_282,The developers do their own testing
512,2022,2022_284,The developers do their own testing
513,2022,2022_285,The developers do their own testing
514,2022,2022_286,The developers do their own testing
515,2022,2022_287,The developers do their own testing
516,2022,2022_292,The developers do their own testing
517,2022,2022_294,The developers do their own testing
518,2022,2022_296,The developers do their own testing
519,2022,2022_297,The developers do their own testing
520,2022,2022_298,The developers do their own testing
521,2022,2022_299,The developers do their own testing
522,2022,2022_300,The developers do their own testing
523,2022,2022_302,The developers do their own testing
524,2022,2022_305,The developers do their own testing
525,2022,2022_306,The developers do their own testing
526,2022,2022_307,The developers do their own testing
527,2022,2022_308,The developers do their own testing
528,2022,2022_311,The developers do their own testing
529,2022,2022_313,The developers do their own testing
530,2022,2022_315,The developers do their own testing
531,2022,2022_317,The developers do their own testing
532,2022,2022_320,The developers do their own testing
533,2022,2022_325,The developers do their own testing
534,2022,2022_327,The developers do their own testing
535,2022,2022_328,The developers do their own testing
536,2022,2022_329,The developers do their own testing
537,2022,2022_330,The developers do their own testing
538,2022,2022_331,The developers do their own testing
539,2022,2022_333,The developers do their own testing
540,2022,2022_336,The developers do their own testing
541,2022,2022_337,The developers do their own testing
542,2022,2022_338,The developers do their own testing
543,2022,2022_341,The developers do their own testing
544,2022,2022_342,The developers do their own testing
545,2022,2022_343,The developers do their own testing
546,2022,2022_345,The developers do their own testing
547,2022,2022_346,The developers do their own testing
548,2022,2022_347,The developers do their own testing
549,2022,2022_348,The developers do their own testing
550,2022,2022_350,The developers do their own testing
551,2022,2022_352,The developers do their own testing
552,2022,2022_354,The developers do their own testing
553,2022,2022_355,The developers do their own testing
554,2022,2022_357,The developers do their own testing
555,2022,2022_358,The developers do their own testing
556,2022,2022_360,The developers do their own testing
557,2022,2022_361,The developers do their own testing
558,2022,2022_362,The developers do their own testing
559,2022,2022_363,The developers do their own testing
560,2022,2022_364,The developers do their own testing
561,2022,2022_365,The developers do their own testing
562,2022,2022_367,The developers do their own testing
563,2022,2022_369,The developers do their own testing
564,2022,2022_370,The developers do their own testing
565,2022,2022_371,The developers do their own testing
566,2022,2022_372,The developers do their own testing
567,2022,2022_374,The developers do their own testing
568,2022,2022_375,The developers do their own testing
569,2022,2022_376,The developers do their own testing
570,2022,2022_378,The developers do their own testing
571,2022,2022_380,The developers do their own testing
572,2022,2022_381,The developers do their own testing
573,2022,2022_382,The developers do their own testing
574,2022,2022_383,The developers do their own testing
575,2022,2022_386,The developers do their own testing
576,2022,2022_387,The developers do their own testing
577,2022,2022_389,The developers do their own testing
578,2022,2022_390,The developers do their own testing
579,2022,2022_391,The developers do their own testing
580,2022,2022_392,The developers do their own testing
581,2022,2022_394,The developers do their own testing
582,2022,2022_395,The developers do their own testing
583,2022,2022_396,The developers do their own testing
584,2022,2022_397,The developers do their own testing
585,2022,2022_398,The developers do their own testing
586,2022,2022_403,The developers do their own testing
587,2022,2022_404,The developers do their own testing
588,2022,2022_405,The developers do their own testing
589,2022,2022_406,The developers do their own testing
590,2022,2022_408,The developers do their own testing
591,2022,2022_409,The developers do their own testing
592,2022,2022_410,The developers do their own testing
593,2022,2022_411,The developers do their own testing
594,2022,2022_413,The developers do their own testing
595,2022,2022_414,The developers do their own testing
596,2022,2022_415,The developers do their own testing
597,2022,2022_417,The developers do their own testing
598,2022,2022_418,The developers do their own testing
599,2022,2022_419,The developers do their own testing
600,2022,2022_420,The developers do their own testing
601,2022,2022_421,The developers do their own testing
602,2022,2022_423,The developers do their own testing
603,2022,2022_425,The developers do their own testing
604,2022,2022_428,The developers do their own testing
605,2022,2022_429,The developers do their own testing
606,2022,2022_430,The developers do their own testing
607,2022,2022_431,The developers do their own testing
608,2022,2022_434,The developers do their own testing
609,2022,2022_435,The developers do their own testing
610,2022,2022_436,The developers do their own testing
611,2022,2022_439,The developers do their own testing
612,2022,2022_443,The developers do their own testing
613,2022,2022_444,The developers do their own testing
614,2022,2022_445,The developers do their own testing
615,2022,2022_447,The developers do their own testing
616,2022,2022_448,The developers do their own testing
617,2022,2022_449,The developers do their own testing
618,2022,2022_450,The developers do their own testing
619,2022,2022_452,The developers do their own testing
620,2022,2022_453,The developers do their own testing
621,2022,2022_454,The developers do their own testing
622,2022,2022_456,The developers do their own testing
623,2022,2022_457,The developers do their own testing
624,2022,2022_458,The developers do their own testing
625,2022,2022_461,The developers do their own testing
626,2022,2022_462,The developers do their own testing
627,2022,2022_463,The developers do their own testing
628,2022,2022_465,The developers do their own testing
629,2022,2022_466,The developers do their own testing
630,2022,2022_467,The developers do their own testing
631,2022,2022_468,The developers do their own testing
632,2022,2022_469,The developers do their own testing
633,2022,2022_470,The developers do their own testing
634,2022,2022_472,The developers do their own testing
635,2022,2022_473,The developers do their own testing
636,2022,2022_475,The developers do their own testing
637,2022,2022_478,The developers do their own testing
638,2022,2022_479,The developers do their own testing
639,2022,2022_480,The developers do their own testing
640,2022,2022_481,The developers do their own testing
641,2022,2022_482,The developers do their own testing
642,2022,2022_483,The developers do their own testing
643,2022,2022_484,The developers do their own testing
644,2022,2022_486,The developers do their own testing
645,2022,2022_487,The developers do their own testing
646,2022,2022_490,The developers do their own testing
647,2022,2022_495,The developers do their own testing
648,2022,2022_498,The developers do their own testing
649,2022,2022_499,The developers do their own testing
650,2022,2022_501,The developers do their own testing
651,2022,2022_504,The developers do their own testing
652,2022,2022_505,The developers do their own testing
653,2022,2022_508,The developers do their own testing
654,2022,2022_515,The developers do their own testing
655,2022,2022_516,The developers do their own testing
656,2022,2022_518,The developers do their own testing
657,2022,2022_520,The developers do their own testing
658,2022,2022_521,The developers do their own testing
659,2022,2022_526,The developers do their own testing
660,2022,2022_527,The developers do their own testing
661,2022,2022_530,The developers do their own testing
662,2022,2022_531,The developers do their own testing
663,2022,2022_533,The developers do their own testing
664,2022,2022_534,The developers do their own testing
665,2022,2022_535,The developers do their own testing
666,2022,2022_538,The developers do their own testing
667,2022,2022_539,The developers do their own testing
668,2022,2022_540,The developers do their own testing
669,2022,2022_544,The developers do their own testing
670,2022,2022_545,The developers do their own testing
671,2022,2022_546,The developers do their own testing
672,2022,2022_548,The developers do their own testing
673,2022,2022_549,The developers do their own testing
674,2022,2022_552,The developers do their own testing
675,2022,2022_553,The developers do their own testing
676,2022,2022_556,The developers do their own testing
677,2022,2022_557,The developers do their own testing
678,2022,2022_558,The developers do their own testing
679,2022,2022_559,The developers do their own testing
680,2022,2022_561,The developers do their own testing
681,2022,2022_564,The developers do their own testing
682,2022,2022_566,The developers do their own testing
683,2022,2022_569,The developers do their own testing
684,2022,2022_570,The developers do their own testing
685,2022,2022_571,The developers do their own testing
686,2022,2022_572,The developers do their own testing
687,2022,2022_573,The developers do their own testing
688,2022,2022_575,The developers do their own testing
689,2022,2022_577,The developers do their own testing
690,2022,2022_578,The developers do their own testing
691,2022,2022_579,The developers do their own testing
692,2022,2022_581,The developers do their own testing
693,2022,2022_582,The developers do their own testing
694,2022,2022_585,The developers do their own testing
695,2022,2022_586,The developers do their own testing
696,2022,2022_593,The developers do their own testing
697,2022,2022_594,The developers do their own testing
698,2022,2022_595,The developers do their own testing
699,2022,2022_596,The developers do their own testing
700,2022,2022_597,The developers do their own testing
701,2022,2022_598,The developers do their own testing
702,2022,2022_599,The developers do their own testing
703,2022,2022_600,The developers do their own testing
704,2022,2022_601,The developers do their own testing
705,2022,2022_602,The developers do their own testing
706,2022,2022_603,The developers do their own testing
707,2022,2022_604,The developers do their own testing
708,2022,2022_606,The developers do their own testing
709,2022,2022_607,The developers do their own testing
710,2022,2022_610,The developers do their own testing
711,2022,2022_612,The developers do their own testing
712,2022,2022_614,The developers do their own testing
713,2022,2022_615,The developers do their own testing
714,2022,2022_616,The developers do their own testing
715,2022,2022_617,The developers do their own testing
716,2022,2022_618,The developers do their own testing
717,2022,2022_620,The developers do their own testing
718,2022,2022_621,The developers do their own testing
719,2022,2022_622,The developers do their own testing
720,2022,2022_623,The developers do their own testing
721,2022,2022_625,The developers do their own testing
722,2022,2022_626,The developers do their own testing
723,2022,2022_627,The developers do their own testing
724,2022,2022_628,The developers do their own testing
725,2022,2022_629,The developers do their own testing
726,2022,2022_630,The developers do their own testing
727,2022,2022_631,The developers do their own testing
728,2022,2022_632,The developers do their own testing
729,2022,2022_633,The developers do their own testing
730,2022,2022_634,The developers do their own testing
731,2022,2022_635,The developers do their own testing
732,2022,2022_636,The developers do their own testing
733,2022,2022_637,The developers do their own testing
734,2022,2022_638,The developers do their own testing
735,2022,2022_641,The developers do their own testing
736,2022,2022_642,The developers do their own testing
737,2022,2022_643,The developers do their own testing
738,2022,2022_644,The developers do their own testing
739,2022,2022_647,The developers do their own testing
740,2022,2022_649,The developers do their own testing
741,2022,2022_652,The developers do their own testing
742,2022,2022_653,The developers do their own testing
743,2022,2022_657,The developers do their own testing
744,2022,2022_658,The developers do their own testing
745,2022,2022_659,The developers do their own testing
746,2022,2022_662,The developers do their own testing
747,2022,2022_664,The developers do their own testing
748,2022,2022_665,The developers do their own testing
749,2022,2022_668,The developers do their own testing
750,2022,2022_669,The developers do their own testing
751,2022,2022_671,The developers do their own testing
752,2022,2022_672,The developers do their own testing
753,2022,2022_673,The developers do their own testing
754,2022,2022_676,The developers do their own testing
755,2022,2022_677,The developers do their own testing
756,2022,2022_678,The developers do their own testing
757,2022,2022_679,The developers do their own testing
758,2022,2022_680,The developers do their own testing
759,2022,2022_681,The developers do their own testing
760,2022,2022_682,The developers do their own testing
761,2022,2022_683,The developers do their own testing
762,2022,2022_684,The developers do their own testing
763,2022,2022_688,The developers do their own testing
764,2022,2022_689,The developers do their own testing
765,2022,2022_690,The developers do their own testing
766,2022,2022_691,The developers do their own testing
767,2022,2022_693,The developers do their own testing
768,2022,2022_695,The developers do their own testing
769,2022,2022_696,The developers do their own testing
770,2022,2022_698,The developers do their own testing
771,2022,2022_701,The developers do their own testing
772,2022,2022_702,The developers do their own testing
773,2022,2022_703,The developers do their own testing
774,2022,2022_704,The developers do their own testing
775,2022,2022_706,The developers do their own testing
776,2022,2022_708,The developers do their own testing
777,2022,2022_710,The developers do their own testing
778,2022,2022_711,The developers do their own testing
779,2022,2022_712,The developers do their own testing
780,2022,2022_713,The developers do their own testing
781,2022,2022_714,The developers do their own testing
782,2022,2022_717,The developers do their own testing
783,2022,2022_718,The developers do their own testing
784,2022,2022_722,The developers do their own testing
785,2022,2022_723,The developers do their own testing
786,2022,2022_724,The developers do their own testing
787,2022,2022_725,The developers do their own testing
788,2022,2022_726,The developers do their own testing
789,2022,2022_728,The developers do their own testing
790,2022,2022_729,The developers do their own testing
791,2022,2022_730,The developers do their own testing
792,2022,2022_731,The developers do their own testing
793,2022,2022_735,The developers do their own testing
794,2022,2022_736,The developers do their own testing
795,2022,2022_738,The developers do their own testing
796,2022,2022_739,The developers do their own testing
797,2022,2022_740,The developers do their own testing
798,2022,2022_742,The developers do their own testing
799,2022,2022_743,The developers do their own testing
800,2022,2022_744,The developers do their own testing
801,2022,2022_745,The developers do their own testing
802,2022,2022_749,The developers do their own testing
803,2022,2022_752,The developers do their own testing
804,2022,2022_754,The developers do their own testing
805,2022,2022_758,The developers do their own testing
806,2022,2022_759,The developers do their own testing
807,2022,2022_761,The developers do their own testing
808,2022,2022_763,The developers do their own testing
809,2022,2022_764,The developers do their own testing
810,2022,2022_765,The developers do their own testing
811,2022,2022_767,The developers do their own testing
812,2022,2022_768,The developers do their own testing
813,2022,2022_771,The developers do their own testing
814,2022,2022_772,The developers do their own testing
815,2022,2022_773,The developers do their own testing
816,2022,2022_775,The developers do their own testing
817,2022,2022_776,The developers do their own testing
818,2022,2022_777,The developers do their own testing
819,2022,2022_778,The developers do their own testing
820,2022,2022_779,The developers do their own testing
821,2022,2022_781,The developers do their own testing
822,2022,2022_784,The developers do their own testing
823,2022,2022_787,The developers do their own testing
824,2022,2022_788,The developers do their own testing
825,2022,2022_790,The developers do their own testing
826,2022,2022_791,The developers do their own testing
827,2022,2022_793,The developers do their own testing
828,2022,2022_794,The developers do their own testing
829,2022,2022_795,The developers do their own testing
830,2022,2022_796,The developers do their own testing
831,2022,2022_799,The developers do their own testing
832,2022,2022_800,The developers do their own testing
833,2022,2022_802,The developers do their own testing
834,2022,2022_804,The developers do their own testing
835,2022,2022_807,The developers do their own testing
836,2022,2022_808,The developers do their own testing
837,2022,2022_809,The developers do their own testing
838,2022,2022_810,The developers do their own testing
839,2022,2022_812,The developers do their own testing
840,2022,2022_813,The developers do their own testing
841,2022,2022_814,The developers do their own testing
842,2022,2022_815,The developers do their own testing
843,2022,2022_816,The developers do their own testing
844,2022,2022_818,The developers do their own testing
845,2022,2022_819,The developers do their own testing
846,2022,2022_820,The developers do their own testing
847,2022,2022_821,The developers do their own testing
848,2022,2022_822,The developers do their own testing
849,2022,2022_823,The developers do their own testing
850,2022,2022_824,The developers do their own testing
851,2022,2022_828,The developers do their own testing
852,2022,2022_829,The developers do their own testing
853,2022,2022_831,The developers do their own testing
854,2022,2022_833,The developers do their own testing
855,2022,2022_834,The developers do their own testing
856,2022,2022_836,The developers do their own testing
857,2022,2022_840,The developers do their own testing
858,2022,2022_841,The developers do their own testing
859,2022,2022_843,The developers do their own testing
860,2022,2022_846,The developers do their own testing
861,2022,2022_848,The developers do their own testing
862,2022,2022_849,The developers do their own testing
863,2022,2022_851,The developers do their own testing
864,2022,2022_852,The developers do their own testing
865,2022,2022_857,The developers do their own testing
866,2022,2022_859,The developers do their own testing
867,2022,2022_861,The developers do their own testing
868,2022,2022_863,The developers do their own testing
869,2022,2022_864,The developers do their own testing
870,2022,2022_865,The developers do their own testing
871,2022,2022_866,The developers do their own testing
872,2022,2022_867,The developers do their own testing
873,2022,2022_869,The developers do their own testing
874,2022,2022_878,The developers do their own testing
875,2022,2022_879,The developers do their own testing
876,2022,2022_880,The developers do their own testing
877,2022,2022_881,The developers do their own testing
878,2022,2022_884,The developers do their own testing
879,2022,2022_885,The developers do their own testing
880,2022,2022_888,The developers do their own testing
881,2022,2022_892,The developers do their own testing
882,2022,2022_894,The developers do their own testing
883,2022,2022_895,The developers do their own testing
884,2022,2022_896,The developers do their own testing
885,2022,2022_897,The developers do their own testing
886,2022,2022_898,The developers do their own testing
887,2022,2022_899,The developers do their own testing
888,2022,2022_900,The developers do their own testing
889,2022,2022_903,The developers do their own testing
890,2022,2022_904,The developers do their own testing
891,2022,2022_905,The developers do their own testing
892,2022,2022_906,The developers do their own testing
893,2022,2022_907,The developers do their own testing
894,2022,2022_908,The developers do their own testing
895,2022,2022_910,The developers do their own testing
896,2022,2022_911,The developers do their own testing
897,2022,2022_912,The developers do their own testing
898,2022,2022_913,The developers do their own testing
899,2022,2022_915,The developers do their own testing
900,2022,2022_917,The developers do their own testing
901,2022,2022_918,The developers do their own testing
902,2022,2022_920,The developers do their own testing
903,2022,2022_921,The developers do their own testing
904,2022,2022_922,The developers do their own testing
905,2022,2022_924,The developers do their own testing
906,2022,2022_927,The developers do their own testing
907,2022,2022_929,The developers do their own testing
908,2022,2022_931,The developers do their own testing
909,2022,2022_934,The developers do their own testing
910,2022,2022_935,The developers do their own testing
911,2022,2022_937,The developers do their own testing
912,2022,2022_938,The developers do their own testing
913,2022,2022_944,The developers do their own testing
914,2022,2022_945,The developers do their own testing
915,2022,2022_946,The developers do their own testing
916,2022,2022_947,The developers do their own testing
917,2022,2022_949,The developers do their own testing
918,2022,2022_953,The developers do their own testing
919,2022,2022_955,The developers do their own testing
920,2022,2022_956,The developers do their own testing
921,2022,2022_957,The developers do their own testing
922,2022,2022_959,The developers do their own testing
923,2022,2022_960,The developers do their own testing
924,2022,2022_962,The developers do their own testing
925,2022,2022_963,The developers do their own testing
926,2022,2022_966,The developers do their own testing
927,2022,2022_967,The developers do their own testing
928,2022,2022_970,The developers do their own testing
929,2022,2022_973,The developers do their own testing
930,2022,2022_974,The developers do their own testing
931,2022,2022_975,The developers do their own testing
932,2022,2022_976,The developers do their own testing
933,2022,2022_978,The developers do their own testing
934,2022,2022_979,The developers do their own testing
935,2022,2022_983,The developers do their own testing
936,2022,2022_985,The developers do their own testing
937,2022,2022_987,The developers do their own testing
938,2022,2022_988,The developers do their own testing
939,2022,2022_990,The developers do their own testing
940,2022,2022_991,The developers do their own testing
941,2022,2022_992,The developers do their own testing
942,2022,2022_994,The developers do their own testing
943,2022,2022_996,The developers do their own testing
944,2022,2022_997,The developers do their own testing
945,2022,2022_998,The developers do their own testing
946,2022,2022_999,The developers do their own testing
947,2022,2022_1000,The developers do their own testing
948,2022,2022_1002,The developers do their own testing
949,2022,2022_19,Test engineers conduct testing
950,2022,2022_42,Test engineers conduct testing
951,2022,2022_62,Test engineers conduct testing
952,2022,2022_168,Test engineers conduct testing
953,2022,2022_214,Test engineers conduct testing
954,2022,2022_252,Test engineers conduct testing
955,2022,2022_331,Test engineers conduct testing
956,2022,2022_336,Test engineers conduct testing
957,2022,2022_352,Test engineers conduct testing
958,2022,2022_374,Test engineers conduct testing
959,2022,2022_402,Test engineers conduct testing
960,2022,2022_430,Test engineers conduct testing
961,2022,2022_484,Test engineers conduct testing
962,2022,2022_498,Test engineers conduct testing
963,2022,2022_505,Test engineers conduct testing
964,2022,2022_552,Test engineers conduct testing
965,2022,2022_563,Test engineers conduct testing
966,2022,2022_603,Test engineers conduct testing
967,2022,2022_614,Test engineers conduct testing
968,2022,2022_658,Test engineers conduct testing
969,2022,2022_684,Test engineers conduct testing
970,2022,2022_823,Test engineers conduct testing
971,2022,2022_825,Test engineers conduct testing
972,2022,2022_842,Test engineers conduct testing
973,2022,2022_864,Test engineers conduct testing
974,2022,2022_914,Test engineers conduct testing
975,2022,2022_918,Test engineers conduct testing
976,2022,2022_922,Test engineers conduct testing
977,2022,2022_953,Test engineers conduct testing
978,2022,2022_956,Test engineers conduct testing
979,2022,2022_979,Test engineers conduct testing
980,2022,2022_983,Test engineers conduct testing
981,2022,2022_996,Test engineers conduct testing
982,2022,2022_998,Test engineers conduct testing
983,2022,2022_1,Automated testing with continuous integration
984,2022,2022_2,Automated testing with continuous integration
985,2022,2022_3,Automated testing with continuous integration
986,2022,2022_7,Automated testing with continuous integration
987,2022,2022_10,Automated testing with continuous integration
988,2022,2022_12,Automated testing with continuous integration
989,2022,2022_13,Automated testing with continuous integration
990,2022,2022_14,Automated testing with continuous integration
991,2022,2022_15,Automated testing with continuous integration
992,2022,2022_16,Automated testing with continuous integration
993,2022,2022_17,Automated testing with continuous integration
994,2022,2022_18,Automated testing with continuous integration
995,2022,2022_21,Automated testing with continuous integration
996,2022,2022_22,Automated testing with continuous integration
997,2022,2022_23,Automated testing with continuous integration
998,2022,2022_24,Automated testing with continuous integration
999,2022,2022_25,Automated testing with continuous integration
1000,2022,2022_27,Automated testing with continuous integration
1001,2022,2022_28,Automated testing with continuous integration
1002,2022,2022_33,Automated testing with continuous integration
1003,2022,2022_35,Automated testing with continuous integration
1004,2022,2022_38,Automated testing with continuous integration
1005,2022,2022_40,Automated testing with continuous integration
1006,2022,2022_41,Automated testing with continuous integration
1007,2022,2022_42,Automated testing with continuous integration
1008,2022,2022_43,Automated testing with continuous integration
1009,2022,2022_45,Automated testing with continuous integration
1010,2022,2022_46,Automated testing with continuous integration
1011,2022,2022_48,Automated testing with continuous integration
1012,2022,2022_49,Automated testing with continuous integration
1013,2022,2022_51,Automated testing with continuous integration
1014,2022,2022_52,Automated testing with continuous integration
1015,2022,2022_53,Automated testing with continuous integration
1016,2022,2022_55,Automated testing with continuous integration
1017,2022,2022_56,Automated testing with continuous integration
1018,2022,2022_60,Automated testing with continuous integration
1019,2022,2022_61,Automated testing with continuous integration
1020,2022,2022_62,Automated testing with continuous integration
1021,2022,2022_63,Automated testing with continuous integration
1022,2022,2022_64,Automated testing with continuous integration
1023,2022,2022_70,Automated testing with continuous integration
1024,2022,2022_71,Automated testing with continuous integration
1025,2022,2022_72,Automated testing with continuous integration
1026,2022,2022_73,Automated testing with continuous integration
1027,2022,2022_74,Automated testing with continuous integration
1028,2022,2022_76,Automated testing with continuous integration
1029,2022,2022_77,Automated testing with continuous integration
1030,2022,2022_81,Automated testing with continuous integration
1031,2022,2022_89,Automated testing with continuous integration
1032,2022,2022_90,Automated testing with continuous integration
1033,2022,2022_93,Automated testing with continuous integration
1034,2022,2022_94,Automated testing with continuous integration
1035,2022,2022_95,Automated testing with continuous integration
1036,2022,2022_97,Automated testing with continuous integration
1037,2022,2022_98,Automated testing with continuous integration
1038,2022,2022_99,Automated testing with continuous integration
1039,2022,2022_103,Automated testing with continuous integration
1040,2022,2022_104,Automated testing with continuous integration
1041,2022,2022_106,Automated testing with continuous integration
1042,2022,2022_107,Automated testing with continuous integration
1043,2022,2022_108,Automated testing with continuous integration
1044,2022,2022_109,Automated testing with continuous integration
1045,2022,2022_110,Automated testing with continuous integration
1046,2022,2022_112,Automated testing with continuous integration
1047,2022,2022_114,Automated testing with continuous integration
1048,2022,2022_117,Automated testing with continuous integration
1049,2022,2022_118,Automated testing with continuous integration
1050,2022,2022_122,Automated testing with continuous integration
1051,2022,2022_123,Automated testing with continuous integration
1052,2022,2022_125,Automated testing with continuous integration
1053,2022,2022_128,Automated testing with continuous integration
1054,2022,2022_130,Automated testing with continuous integration
1055,2022,2022_132,Automated testing with continuous integration
1056,2022,2022_133,Automated testing with continuous integration
1057,2022,2022_134,Automated testing with continuous integration
1058,2022,2022_138,Automated testing with continuous integration
1059,2022,2022_139,Automated testing with continuous integration
1060,2022,2022_140,Automated testing with continuous integration
1061,2022,2022_142,Automated testing with continuous integration
1062,2022,2022_145,Automated testing with continuous integration
1063,2022,2022_148,Automated testing with continuous integration
1064,2022,2022_150,Automated testing with continuous integration
1065,2022,2022_151,Automated testing with continuous integration
1066,2022,2022_154,Automated testing with continuous integration
1067,2022,2022_155,Automated testing with continuous integration
1068,2022,2022_157,Automated testing with continuous integration
1069,2022,2022_158,Automated testing with continuous integration
1070,2022,2022_159,Automated testing with continuous integration
1071,2022,2022_162,Automated testing with continuous integration
1072,2022,2022_163,Automated testing with continuous integration
1073,2022,2022_165,Automated testing with continuous integration
1074,2022,2022_167,Automated testing with continuous integration
1075,2022,2022_168,Automated testing with continuous integration
1076,2022,2022_171,Automated testing with continuous integration
1077,2022,2022_173,Automated testing with continuous integration
1078,2022,2022_174,Automated testing with continuous integration
1079,2022,2022_175,Automated testing with continuous integration
1080,2022,2022_176,Automated testing with continuous integration
1081,2022,2022_177,Automated testing with continuous integration
1082,2022,2022_178,Automated testing with continuous integration
1083,2022,2022_179,Automated testing with continuous integration
1084,2022,2022_183,Automated testing with continuous integration
1085,2022,2022_184,Automated testing with continuous integration
1086,2022,2022_185,Automated testing with continuous integration
1087,2022,2022_189,Automated testing with continuous integration
1088,2022,2022_190,Automated testing with continuous integration
1089,2022,2022_193,Automated testing with continuous integration
1090,2022,2022_194,Automated testing with continuous integration
1091,2022,2022_196,Automated testing with continuous integration
1092,2022,2022_199,Automated testing with continuous integration
1093,2022,2022_203,Automated testing with continuous integration
1094,2022,2022_204,Automated testing with continuous integration
1095,2022,2022_205,Automated testing with continuous integration
1096,2022,2022_208,Automated testing with continuous integration
1097,2022,2022_209,Automated testing with continuous integration
1098,2022,2022_210,Automated testing with continuous integration
1099,2022,2022_212,Automated testing with continuous integration
1100,2022,2022_213,Automated testing with continuous integration
1101,2022,2022_215,Automated testing with continuous integration
1102,2022,2022_221,Automated testing with continuous integration
1103,2022,2022_222,Automated testing with continuous integration
1104,2022,2022_223,Automated testing with continuous integration
1105,2022,2022_224,Automated testing with continuous integration
1106,2022,2022_225,Automated testing with continuous integration
1107,2022,2022_226,Automated testing with continuous integration
1108,2022,2022_227,Automated testing with continuous integration
1109,2022,2022_231,Automated testing with continuous integration
1110,2022,2022_234,Automated testing with continuous integration
1111,2022,2022_235,Automated testing with continuous integration
1112,2022,2022_239,Automated testing with continuous integration
1113,2022,2022_240,Automated testing with continuous integration
1114,2022,2022_241,Automated testing with continuous integration
1115,2022,2022_243,Automated testing with continuous integration
1116,2022,2022_249,Automated testing with continuous integration
1117,2022,2022_255,Automated testing with continuous integration
1118,2022,2022_263,Automated testing with continuous integration
1119,2022,2022_265,Automated testing with continuous integration
1120,2022,2022_266,Automated testing with continuous integration
1121,2022,2022_267,Automated testing with continuous integration
1122,2022,2022_268,Automated testing with continuous integration
1123,2022,2022_271,Automated testing with continuous integration
1124,2022,2022_273,Automated testing with continuous integration
1125,2022,2022_274,Automated testing with continuous integration
1126,2022,2022_276,Automated testing with continuous integration
1127,2022,2022_278,Automated testing with continuous integration
1128,2022,2022_279,Automated testing with continuous integration
1129,2022,2022_281,Automated testing with continuous integration
1130,2022,2022_282,Automated testing with continuous integration
1131,2022,2022_291,Automated testing with continuous integration
1132,2022,2022_292,Automated testing with continuous integration
1133,2022,2022_293,Automated testing with continuous integration
1134,2022,2022_296,Automated testing with continuous integration
1135,2022,2022_297,Automated testing with continuous integration
1136,2022,2022_298,Automated testing with continuous integration
1137,2022,2022_299,Automated testing with continuous integration
1138,2022,2022_300,Automated testing with continuous integration
1139,2022,2022_301,Automated testing with continuous integration
1140,2022,2022_302,Automated testing with continuous integration
1141,2022,2022_303,Automated testing with continuous integration
1142,2022,2022_304,Automated testing with continuous integration
1143,2022,2022_305,Automated testing with continuous integration
1144,2022,2022_306,Automated testing with continuous integration
1145,2022,2022_307,Automated testing with continuous integration
1146,2022,2022_308,Automated testing with continuous integration
1147,2022,2022_310,Automated testing with continuous integration
1148,2022,2022_312,Automated testing with continuous integration
1149,2022,2022_313,Automated testing with continuous integration
1150,2022,2022_315,Automated testing with continuous integration
1151,2022,2022_316,Automated testing with continuous integration
1152,2022,2022_317,Automated testing with continuous integration
1153,2022,2022_320,Automated testing with continuous integration
1154,2022,2022_321,Automated testing with continuous integration
1155,2022,2022_325,Automated testing with continuous integration
1156,2022,2022_328,Automated testing with continuous integration
1157,2022,2022_329,Automated testing with continuous integration
1158,2022,2022_330,Automated testing with continuous integration
1159,2022,2022_333,Automated testing with continuous integration
1160,2022,2022_334,Automated testing with continuous integration
1161,2022,2022_338,Automated testing with continuous integration
1162,2022,2022_339,Automated testing with continuous integration
1163,2022,2022_340,Automated testing with continuous integration
1164,2022,2022_342,Automated testing with continuous integration
1165,2022,2022_343,Automated testing with continuous integration
1166,2022,2022_347,Automated testing with continuous integration
1167,2022,2022_353,Automated testing with continuous integration
1168,2022,2022_354,Automated testing with continuous integration
1169,2022,2022_355,Automated testing with continuous integration
1170,2022,2022_357,Automated testing with continuous integration
1171,2022,2022_359,Automated testing with continuous integration
1172,2022,2022_361,Automated testing with continuous integration
1173,2022,2022_363,Automated testing with continuous integration
1174,2022,2022_365,Automated testing with continuous integration
1175,2022,2022_366,Automated testing with continuous integration
1176,2022,2022_367,Automated testing with continuous integration
1177,2022,2022_370,Automated testing with continuous integration
1178,2022,2022_371,Automated testing with continuous integration
1179,2022,2022_373,Automated testing with continuous integration
1180,2022,2022_375,Automated testing with continuous integration
1181,2022,2022_378,Automated testing with continuous integration
1182,2022,2022_379,Automated testing with continuous integration
1183,2022,2022_380,Automated testing with continuous integration
1184,2022,2022_382,Automated testing with continuous integration
1185,2022,2022_383,Automated testing with continuous integration
1186,2022,2022_384,Automated testing with continuous integration
1187,2022,2022_385,Automated testing with continuous integration
1188,2022,2022_387,Automated testing with continuous integration
1189,2022,2022_389,Automated testing with continuous integration
1190,2022,2022_394,Automated testing with continuous integration
1191,2022,2022_395,Automated testing with continuous integration
1192,2022,2022_398,Automated testing with continuous integration
1193,2022,2022_400,Automated testing with continuous integration
1194,2022,2022_401,Automated testing with continuous integration
1195,2022,2022_403,Automated testing with continuous integration
1196,2022,2022_404,Automated testing with continuous integration
1197,2022,2022_405,Automated testing with continuous integration
1198,2022,2022_409,Automated testing with continuous integration
1199,2022,2022_412,Automated testing with continuous integration
1200,2022,2022_413,Automated testing with continuous integration
1201,2022,2022_414,Automated testing with continuous integration
1202,2022,2022_415,Automated testing with continuous integration
1203,2022,2022_416,Automated testing with continuous integration
1204,2022,2022_417,Automated testing with continuous integration
1205,2022,2022_418,Automated testing with continuous integration
1206,2022,2022_420,Automated testing with continuous integration
1207,2022,2022_421,Automated testing with continuous integration
1208,2022,2022_422,Automated testing with continuous integration
1209,2022,2022_423,Automated testing with continuous integration
1210,2022,2022_424,Automated testing with continuous integration
1211,2022,2022_425,Automated testing with continuous integration
1212,2022,2022_428,Automated testing with continuous integration
1213,2022,2022_429,Automated testing with continuous integration
1214,2022,2022_433,Automated testing with continuous integration
1215,2022,2022_435,Automated testing with continuous integration
1216,2022,2022_436,Automated testing with continuous integration
1217,2022,2022_439,Automated testing with continuous integration
1218,2022,2022_440,Automated testing with continuous integration
1219,2022,2022_442,Automated testing with continuous integration
1220,2022,2022_443,Automated testing with continuous integration
1221,2022,2022_444,Automated testing with continuous integration
1222,2022,2022_446,Automated testing with continuous integration
1223,2022,2022_447,Automated testing with continuous integration
1224,2022,2022_448,Automated testing with continuous integration
1225,2022,2022_450,Automated testing with continuous integration
1226,2022,2022_452,Automated testing with continuous integration
1227,2022,2022_453,Automated testing with continuous integration
1228,2022,2022_454,Automated testing with continuous integration
1229,2022,2022_457,Automated testing with continuous integration
1230,2022,2022_458,Automated testing with continuous integration
1231,2022,2022_459,Automated testing with continuous integration
1232,2022,2022_460,Automated testing with continuous integration
1233,2022,2022_463,Automated testing with continuous integration
1234,2022,2022_467,Automated testing with continuous integration
1235,2022,2022_468,Automated testing with continuous integration
1236,2022,2022_469,Automated testing with continuous integration
1237,2022,2022_471,Automated testing with continuous integration
1238,2022,2022_475,Automated testing with continuous integration
1239,2022,2022_476,Automated testing with continuous integration
1240,2022,2022_479,Automated testing with continuous integration
1241,2022,2022_480,Automated testing with continuous integration
1242,2022,2022_481,Automated testing with continuous integration
1243,2022,2022_482,Automated testing with continuous integration
1244,2022,2022_483,Automated testing with continuous integration
1245,2022,2022_487,Automated testing with continuous integration
1246,2022,2022_492,Automated testing with continuous integration
1247,2022,2022_493,Automated testing with continuous integration
1248,2022,2022_494,Automated testing with continuous integration
1249,2022,2022_495,Automated testing with continuous integration
1250,2022,2022_498,Automated testing with continuous integration
1251,2022,2022_501,Automated testing with continuous integration
1252,2022,2022_502,Automated testing with continuous integration
1253,2022,2022_504,Automated testing with continuous integration
1254,2022,2022_505,Automated testing with continuous integration
1255,2022,2022_508,Automated testing with continuous integration
1256,2022,2022_510,Automated testing with continuous integration
1257,2022,2022_514,Automated testing with continuous integration
1258,2022,2022_515,Automated testing with continuous integration
1259,2022,2022_516,Automated testing with continuous integration
1260,2022,2022_519,Automated testing with continuous integration
1261,2022,2022_521,Automated testing with continuous integration
1262,2022,2022_524,Automated testing with continuous integration
1263,2022,2022_525,Automated testing with continuous integration
1264,2022,2022_526,Automated testing with continuous integration
1265,2022,2022_529,Automated testing with continuous integration
1266,2022,2022_534,Automated testing with continuous integration
1267,2022,2022_535,Automated testing with continuous integration
1268,2022,2022_538,Automated testing with continuous integration
1269,2022,2022_542,Automated testing with continuous integration
1270,2022,2022_543,Automated testing with continuous integration
1271,2022,2022_544,Automated testing with continuous integration
1272,2022,2022_545,Automated testing with continuous integration
1273,2022,2022_553,Automated testing with continuous integration
1274,2022,2022_556,Automated testing with continuous integration
1275,2022,2022_559,Automated testing with continuous integration
1276,2022,2022_561,Automated testing with continuous integration
1277,2022,2022_563,Automated testing with continuous integration
1278,2022,2022_564,Automated testing with continuous integration
1279,2022,2022_568,Automated testing with continuous integration
1280,2022,2022_569,Automated testing with continuous integration
1281,2022,2022_570,Automated testing with continuous integration
1282,2022,2022_572,Automated testing with continuous integration
1283,2022,2022_573,Automated testing with continuous integration
1284,2022,2022_576,Automated testing with continuous integration
1285,2022,2022_578,Automated testing with continuous integration
1286,2022,2022_579,Automated testing with continuous integration
1287,2022,2022_585,Automated testing with continuous integration
1288,2022,2022_588,Automated testing with continuous integration
1289,2022,2022_589,Automated testing with continuous integration
1290,2022,2022_590,Automated testing with continuous integration
1291,2022,2022_591,Automated testing with continuous integration
1292,2022,2022_596,Automated testing with continuous integration
1293,2022,2022_597,Automated testing with continuous integration
1294,2022,2022_600,Automated testing with continuous integration
1295,2022,2022_602,Automated testing with continuous integration
1296,2022,2022_603,Automated testing with continuous integration
1297,2022,2022_604,Automated testing with continuous integration
1298,2022,2022_614,Automated testing with continuous integration
1299,2022,2022_615,Automated testing with continuous integration
1300,2022,2022_617,Automated testing with continuous integration
1301,2022,2022_619,Automated testing with continuous integration
1302,2022,2022_621,Automated testing with continuous integration
1303,2022,2022_622,Automated testing with continuous integration
1304,2022,2022_623,Automated testing with continuous integration
1305,2022,2022_624,Automated testing with continuous integration
1306,2022,2022_631,Automated testing with continuous integration
1307,2022,2022_633,Automated testing with continuous integration
1308,2022,2022_642,Automated testing with continuous integration
1309,2022,2022_643,Automated testing with continuous integration
1310,2022,2022_644,Automated testing with continuous integration
1311,2022,2022_645,Automated testing with continuous integration
1312,2022,2022_648,Automated testing with continuous integration
1313,2022,2022_651,Automated testing with continuous integration
1314,2022,2022_653,Automated testing with continuous integration
1315,2022,2022_655,Automated testing with continuous integration
1316,2022,2022_657,Automated testing with continuous integration
1317,2022,2022_658,Automated testing with continuous integration
1318,2022,2022_659,Automated testing with continuous integration
1319,2022,2022_666,Automated testing with continuous integration
1320,2022,2022_668,Automated testing with continuous integration
1321,2022,2022_669,Automated testing with continuous integration
1322,2022,2022_672,Automated testing with continuous integration
1323,2022,2022_678,Automated testing with continuous integration
1324,2022,2022_679,Automated testing with continuous integration
1325,2022,2022_680,Automated testing with continuous integration
1326,2022,2022_681,Automated testing with continuous integration
1327,2022,2022_682,Automated testing with continuous integration
1328,2022,2022_683,Automated testing with continuous integration
1329,2022,2022_685,Automated testing with continuous integration
1330,2022,2022_688,Automated testing with continuous integration
1331,2022,2022_689,Automated testing with continuous integration
1332,2022,2022_691,Automated testing with continuous integration
1333,2022,2022_692,Automated testing with continuous integration
1334,2022,2022_694,Automated testing with continuous integration
1335,2022,2022_695,Automated testing with continuous integration
1336,2022,2022_696,Automated testing with continuous integration
1337,2022,2022_698,Automated testing with continuous integration
1338,2022,2022_699,Automated testing with continuous integration
1339,2022,2022_702,Automated testing with continuous integration
1340,2022,2022_704,Automated testing with continuous integration
1341,2022,2022_705,Automated testing with continuous integration
1342,2022,2022_708,Automated testing with continuous integration
1343,2022,2022_709,Automated testing with continuous integration
1344,2022,2022_710,Automated testing with continuous integration
1345,2022,2022_712,Automated testing with continuous integration
1346,2022,2022_717,Automated testing with continuous integration
1347,2022,2022_722,Automated testing with continuous integration
1348,2022,2022_723,Automated testing with continuous integration
1349,2022,2022_726,Automated testing with continuous integration
1350,2022,2022_727,Automated testing with continuous integration
1351,2022,2022_730,Automated testing with continuous integration
1352,2022,2022_731,Automated testing with continuous integration
1353,2022,2022_732,Automated testing with continuous integration
1354,2022,2022_733,Automated testing with continuous integration
1355,2022,2022_734,Automated testing with continuous integration
1356,2022,2022_735,Automated testing with continuous integration
1357,2022,2022_736,Automated testing with continuous integration
1358,2022,2022_738,Automated testing with continuous integration
1359,2022,2022_740,Automated testing with continuous integration
1360,2022,2022_742,Automated testing with continuous integration
1361,2022,2022_743,Automated testing with continuous integration
1362,2022,2022_744,Automated testing with continuous integration
1363,2022,2022_745,Automated testing with continuous integration
1364,2022,2022_746,Automated testing with continuous integration
1365,2022,2022_750,Automated testing with continuous integration
1366,2022,2022_752,Automated testing with continuous integration
1367,2022,2022_754,Automated testing with continuous integration
1368,2022,2022_757,Automated testing with continuous integration
1369,2022,2022_759,Automated testing with continuous integration
1370,2022,2022_763,Automated testing with continuous integration
1371,2022,2022_764,Automated testing with continuous integration
1372,2022,2022_766,Automated testing with continuous integration
1373,2022,2022_767,Automated testing with continuous integration
1374,2022,2022_768,Automated testing with continuous integration
1375,2022,2022_769,Automated testing with continuous integration
1376,2022,2022_770,Automated testing with continuous integration
1377,2022,2022_772,Automated testing with continuous integration
1378,2022,2022_775,Automated testing with continuous integration
1379,2022,2022_780,Automated testing with continuous integration
1380,2022,2022_781,Automated testing with continuous integration
1381,2022,2022_782,Automated testing with continuous integration
1382,2022,2022_785,Automated testing with continuous integration
1383,2022,2022_789,Automated testing with continuous integration
1384,2022,2022_790,Automated testing with continuous integration
1385,2022,2022_793,Automated testing with continuous integration
1386,2022,2022_799,Automated testing with continuous integration
1387,2022,2022_800,Automated testing with continuous integration
1388,2022,2022_802,Automated testing with continuous integration
1389,2022,2022_803,Automated testing with continuous integration
1390,2022,2022_804,Automated testing with continuous integration
1391,2022,2022_806,Automated testing with continuous integration
1392,2022,2022_809,Automated testing with continuous integration
1393,2022,2022_813,Automated testing with continuous integration
1394,2022,2022_814,Automated testing with continuous integration
1395,2022,2022_815,Automated testing with continuous integration
1396,2022,2022_816,Automated testing with continuous integration
1397,2022,2022_817,Automated testing with continuous integration
1398,2022,2022_819,Automated testing with continuous integration
1399,2022,2022_821,Automated testing with continuous integration
1400,2022,2022_823,Automated testing with continuous integration
1401,2022,2022_824,Automated testing with continuous integration
1402,2022,2022_828,Automated testing with continuous integration
1403,2022,2022_829,Automated testing with continuous integration
1404,2022,2022_830,Automated testing with continuous integration
1405,2022,2022_831,Automated testing with continuous integration
1406,2022,2022_832,Automated testing with continuous integration
1407,2022,2022_834,Automated testing with continuous integration
1408,2022,2022_838,Automated testing with continuous integration
1409,2022,2022_840,Automated testing with continuous integration
1410,2022,2022_841,Automated testing with continuous integration
1411,2022,2022_848,Automated testing with continuous integration
1412,2022,2022_849,Automated testing with continuous integration
1413,2022,2022_852,Automated testing with continuous integration
1414,2022,2022_854,Automated testing with continuous integration
1415,2022,2022_856,Automated testing with continuous integration
1416,2022,2022_864,Automated testing with continuous integration
1417,2022,2022_865,Automated testing with continuous integration
1418,2022,2022_869,Automated testing with continuous integration
1419,2022,2022_872,Automated testing with continuous integration
1420,2022,2022_873,Automated testing with continuous integration
1421,2022,2022_874,Automated testing with continuous integration
1422,2022,2022_880,Automated testing with continuous integration
1423,2022,2022_882,Automated testing with continuous integration
1424,2022,2022_887,Automated testing with continuous integration
1425,2022,2022_888,Automated testing with continuous integration
1426,2022,2022_890,Automated testing with continuous integration
1427,2022,2022_891,Automated testing with continuous integration
1428,2022,2022_892,Automated testing with continuous integration
1429,2022,2022_893,Automated testing with continuous integration
1430,2022,2022_896,Automated testing with continuous integration
1431,2022,2022_897,Automated testing with continuous integration
1432,2022,2022_900,Automated testing with continuous integration
1433,2022,2022_901,Automated testing with continuous integration
1434,2022,2022_904,Automated testing with continuous integration
1435,2022,2022_907,Automated testing with continuous integration
1436,2022,2022_908,Automated testing with continuous integration
1437,2022,2022_911,Automated testing with continuous integration
1438,2022,2022_912,Automated testing with continuous integration
1439,2022,2022_913,Automated testing with continuous integration
1440,2022,2022_915,Automated testing with continuous integration
1441,2022,2022_918,Automated testing with continuous integration
1442,2022,2022_920,Automated testing with continuous integration
1443,2022,2022_921,Automated testing with continuous integration
1444,2022,2022_922,Automated testing with continuous integration
1445,2022,2022_923,Automated testing with continuous integration
1446,2022,2022_924,Automated testing with continuous integration
1447,2022,2022_925,Automated testing with continuous integration
1448,2022,2022_928,Automated testing with continuous integration
1449,2022,2022_935,Automated testing with continuous integration
1450,2022,2022_936,Automated testing with continuous integration
1451,2022,2022_938,Automated testing with continuous integration
1452,2022,2022_941,Automated testing with continuous integration
1453,2022,2022_943,Automated testing with continuous integration
1454,2022,2022_946,Automated testing with continuous integration
1455,2022,2022_947,Automated testing with continuous integration
1456,2022,2022_950,Automated testing with continuous integration
1457,2022,2022_953,Automated testing with continuous integration
1458,2022,2022_954,Automated testing with continuous integration
1459,2022,2022_956,Automated testing with continuous integration
1460,2022,2022_957,Automated testing with continuous integration
1461,2022,2022_958,Automated testing with continuous integration
1462,2022,2022_959,Automated testing with continuous integration
1463,2022,2022_962,Automated testing with continuous integration
1464,2022,2022_965,Automated testing with continuous integration
1465,2022,2022_970,Automated testing with continuous integration
1466,2022,2022_971,Automated testing with continuous integration
1467,2022,2022_972,Automated testing with continuous integration
1468,2022,2022_973,Automated testing with continuous integration
1469,2022,2022_974,Automated testing with continuous integration
1470,2022,2022_975,Automated testing with continuous integration
1471,2022,2022_976,Automated testing with continuous integration
1472,2022,2022_977,Automated testing with continuous integration
1473,2022,2022_979,Automated testing with continuous integration
1474,2022,2022_984,Automated testing with continuous integration
1475,2022,2022_985,Automated testing with continuous integration
1476,2022,2022_987,Automated testing with continuous integration
1477,2022,2022_988,Automated testing with continuous integration
1478,2022,2022_990,Automated testing with continuous integration
1479,2022,2022_991,Automated testing with continuous integration
1480,2022,2022_993,Automated testing with continuous integration
1481,2022,2022_996,Automated testing with continuous integration
1482,2022,2022_997,Automated testing with continuous integration
1483,2022,2022_999,Automated testing with continuous integration
1484,2022,2022_1001,Automated testing with continuous integration
1485,2022,2022_20,Don't know
1486,2022,2022_83,Don't know
1487,2022,2022_192,Don't know
1488,2022,2022_218,Don't know
1489,2022,2022_251,Don't know
1490,2022,2022_441,Don't know
1491,2022,2022_474,Don't know
1492,2022,2022_541,Don't know
1493,2022,2022_801,Don't know
1494,2022,2022_845,Don't know
